text,ASSORTMENT,PROMOTIONS,DELIVERY,PRICE,PRODUCTS_QUALITY,SUPPORT,CATALOG_NAVIGATION,PAYMENT
"Маленький выбор товаров, хотелось бы ассортимент больше, а так вроде бы все хорошо",1,0,0,0,0,0,0,0
Быстро,0,0,1,0,0,0,0,0
Доставка постоянно задерживается,0,0,1,0,0,0,0,0
Наценка и ассортимент расстраивают,1,0,0,1,0,0,0,0
"Можно немного скинуть минимальную сумму заказа или оплачивать доставку ,если сумма меньше,как в Яндекс маркете",0,0,1,1,0,0,0,1
"Очень долгая доставка, по факту обещают привезти за [NUM] минут, но все время опаздывают . Так же бы хотелось чуть более удобный поиск в приложении",0,0,1,0,0,0,1,0
В каждом заказе встречаются товары не подлежащего качества,0,0,0,0,1,0,0,0
Постоянно задерживается доставка!!! Цены выше. Больше не буду делать заказ,0,0,1,1,0,0,0,0
Отличное приложение спасибо большое за доставку благодарю вас,0,0,0,0,0,0,0,0
Долго,0,0,1,0,0,0,0,0
Доставка крайне редко приезжает в срок,0,0,1,0,0,0,0,0
"Цены на некоторые позиции взлетели не оправданно, на некоторые ценник выше магазинного на [NUM]% -спекуляция чистой воды. Все реже и реже пользуюсь сервисом и скорее всего перестану использовать совсем. Будете и дальше терять клиентов из-за ценовой политики",0,0,0,1,0,0,0,0
"Я настолько разочарована,что даже слов нет!Заказала черешню по скидке,но её невозможно есть так как она вся испорченная,просто позор вам,совести у вас нет!Как можно так относиться к своим покупателям?!",0,1,0,0,1,0,0,0
"Страдает доставка, очень долго, хотя пишите [NUM] мин., а везёте [NUM]-[NUM] мин.",0,0,1,0,0,0,0,0
Очень очень очень долгая доставка. [NUM] заказов подряд не привозили вовремя,0,0,1,0,0,0,0,0
"Удобно, быстро",0,0,1,0,0,0,0,0
Расширить ассортимент товаров,1,0,0,0,0,0,0,0
"В смысле ""убрали из заказа""? Я весь заказ ради этих морепродуктов делал!",1,0,0,0,0,0,0,0
"Доставка регулярно дольше, чем указано, курьера на карте не видно, служба поддержки не отвечает по заказу часами.",0,0,1,0,0,1,0,0
Дорого,0,0,0,1,0,0,0,0
…,0,0,0,0,0,0,0,0
Программу надо улучшить,0,0,0,0,0,0,0,1
"Заказ на сумму от [NUM]? это дорого, было бы лучше как было раньше [NUM]?",0,0,0,1,0,0,0,1
Часто стали приезжать просроченные и некачественные продукты,0,0,0,0,1,0,0,0
Раньше доставка была в течение [NUM] мин сейчас стала больше и все время меняется время ожидания .,0,0,1,0,0,0,0,0
Не следите за качеством продуктов,0,0,0,0,1,0,0,0
"Если по скидкам и акциям продукты ещё и выходят в нормальной цене, то без них иногда стоят космически. Но самое большое расстройство - это доставка. Проще назвать, сколько раз за год мне доставили в срок [NUM] минут, чем посчитать, сколько раз опаздывали.",0,1,1,1,0,0,0,0
Быстро,0,0,1,0,0,0,0,0
"Поддержка по телефону перестала вообще что-либо решать - по всем вопросам посылают в телеграмм. В телеграмме не отвечают уже третий день - сначала пишут что надо [NUM]-[NUM] минут, но никто и за час не подходит - потом это откладывают, потом опять бот и так до б",0,0,0,0,0,1,0,0
"Доставка стала дольше, это огорчает(",0,0,1,0,0,0,0,0
Привезли размороженную пюреобразную ягоду,0,0,0,0,1,0,0,0
Слишком долгая доставка,0,0,1,0,0,0,0,0
Спасибо!,0,0,0,0,0,0,0,0
Хотелось бы что бы все напитки были охлажденными. А вы привозите теплыми,0,0,0,0,1,0,0,0
"Почти всегда заказы опаздывают. Когда звонишь операторам и спрашиваешь почему указано [NUM] минут, а по факту может курьер задержаться на полтора часа, специалисты тыкают в какой-то договор где что-то там прописано написано. Ставьте реальное время доставки",0,0,1,0,0,1,0,0
"Курьеры как рабы работают у вас , почему их так мало .Ждёшь заказ по часу . Почему их так мало на смене!!!!!!!!!",0,0,1,0,0,0,0,0
"Очень быстрая доставка. Маленький выбор, достаточно высокие цены",1,0,1,1,0,0,0,0
"Нет никакой системы лояльности к постоянным клиентам. Ответы в чате - шаблонами. Привозят испорченные продукты и просто возвращают деньги после жалобы, даже никакого промокода в качестве извинений.",0,1,0,0,1,1,0,0
"Доставка очень длительная, пришлось долго ждать",0,0,1,0,0,0,0,0
"Я думаю о вас хорошо, раньше было лучше. Есть ощущение то что стало дороже, а качество хуже - это касается зелени.",0,0,0,1,1,0,0,0
Хороший сервис,0,0,0,0,0,0,0,0
Оочень долгая доставка! Жду уже более [NUM] минут,0,0,1,0,0,0,0,0
"Доставка стала очень долгой - бывает и по полчаса везут. Поднятие цен на доставку тоже не радует. [NUM]-[NUM] ещё нормально, но бывает и [NUM]!!!",0,0,1,1,0,0,0,0
"Стоимость сильно выше, картинки не соответствую ассортименту.",0,0,0,1,0,0,1,0
"Очень долгая доставка, написано до [NUM] минут, или что курьер будет вот вот у вас, а по итогу доставка в среднем [NUM]-[NUM] минут",0,0,1,0,0,0,0,0
"очень долгая доставка. не смотря на то, что мы находимся возле склада самоката",0,0,1,0,0,0,0,0
"Очень часто виснет приложение , задерживаются доставки , высокие цены на определенные продукты",0,0,1,1,0,0,1,0
Молодцы,0,0,0,0,0,0,0,0
"Присылаете молочные изделия за день до истечения срока годности, доставка стала нереально долгой, да при этом еще и постоянно огромный спрос",0,0,1,0,1,0,0,0
"Продукты практически всегда с почти истёкшим сроком годности . И тут как повезёт , иногда продукт ещё можно употреблять а иногда просто в мусорки испорченные продукты . Пока не откроешь пачку , заметить запах продукта по внешнему виду невозможно",0,0,0,0,1,0,0,0
"Долгая доставка, часты задержки по времени, в сравнении с пятёрочкой и магнитом цены на [NUM]-[NUM]% выше , хоть раньше разница не была такой существенной",0,0,1,1,0,0,0,0
"Не всегда есть возможность выйти в магазин. Приходится пользоваться доставкой, неудобно постоянно условно из-за банки газировки набирать товаров еще на [NUM]р",0,0,1,0,0,0,0,1
Очень мало промокодов или редко предлагаете товар за [NUM] руб,0,1,0,0,0,0,0,0
"Все бы хорошо, если бы не ваше приложение. Сначала я думал что это мой хуавей уже старый, не вытягивает. Но когда я ловил фризы и глюки с непрогоузом картинок на самсунг s[NUM]...... Это печаль",0,0,0,0,0,0,1,0
Долгая доставка,0,0,1,0,0,0,0,0
"Все круто,но вот доставка стала постоянно опаздывать",0,0,1,0,0,0,0,0
"Доставка быстрая,но цена на вкусняшки огорчает",0,0,1,1,0,0,0,0
"Пишите что доставка [NUM] минут,на самом деле все [NUM],и пишется что курьер будет через минуту ждешь [NUM]",0,0,1,0,0,0,0,0
Доставка часто задерживается,0,0,1,0,0,0,0,0
Часто привозят испорченные продукты,0,0,0,0,1,0,0,0
"вы классные! жаль только, что еда долго едет",0,0,1,0,0,0,0,0
"Не очень нравится часть доставки, курьеры часто задерживаются и в Яндекс лавке курьеры приветливее",0,0,1,0,0,0,0,0
"Хотелось бы, чтобы у нас также появилась доставка не только за [NUM] минут, но и из больших магазинов - был бы больше выбор",1,0,1,0,0,0,0,0
"слишком долгая доставка, бывает, что час доставляют",0,0,1,0,0,0,0,0
Всё отлично,0,0,0,0,0,0,0,0
"Все очень нравится, но жаль, что частенько заканчивается ассортимент любимых продуктов, например, сырки в бельгийском шоколаде. Фрукты часто либо еще не дозрели, либо с дефектами в виде вмятин, пятен итд. А идея с рецептами в приложении это просто супер!",1,0,0,0,1,0,1,0
"Завышена цена, медленные курьеры. Техническая поддержка не всегда отвечает",0,0,1,1,0,1,0,0
Плохая клиентоориентированность при проблемах и долгих доставках нет никаких промокодов,0,1,1,0,0,1,0,0
Большой порог минимального заказа,0,0,0,0,0,0,0,1
мяу.,0,0,0,0,0,0,0,0
"Цены на отдельные позиции заметно выросли, ассортимент товаров не поспевает за конкурентами.",1,0,0,1,0,0,0,0
"Самокат- это классно, но продуктики иногда не вкусненькие",0,0,0,0,1,0,0,0
"Я думаю, что продавать тухляк и некондицию, как вы это обычно делаете-тупиковый путь, потому что есть Лавка и Озон фреш как минимум. Свое конкурентное преимущество-скорость- вы тоже про****ли. Цены у вас космос, кофе Лебо [NUM] гр [NUM]?. Лавка форева.",0,0,1,1,1,0,0,0
"Раньше было все очень здорово , но маленький ассортимент , сейчас выбора в разы больше , но очень огромные цены",1,0,0,1,0,0,0,0
"Продукция самокат вся невкусная, но ее будто больше всего. Хотелось бы больше товаров нормальных фирм. Качество продуктов фирмы самокат низкое, цена высокая. Беру иногда от безвыходности. Когда лень идти в магазин. Или долго ждать. Привозят быстро.",1,0,1,1,1,0,0,0
"Ужасно раздражает когда минимальная стоимость заказа возрастает до небес! Однажды заказ задержали больше чем на час, при том что у меня не отдаленный район. Так никто за это даже не извинился! Я думала что хотя бы какой-то промокод рублей на [NUM]-[NUM] дадут.",0,1,1,1,0,1,0,0
Очень часто стали задерживать доставку!!! И никаких потом извинений и скидок нет,0,1,1,0,0,1,0,0
"Очень быстро, много ассортимента и удобно в заказе",1,0,1,0,0,0,0,0
"Цены выше ,чем в Яндекс маркете ,но можно оплачивать балами спасибо от сбер ,поэтому выгодно пользоваться только если есть балы",0,0,0,1,0,0,0,1
Долго идет курьер.,0,0,1,0,0,0,0,0
"Время часто стало не совпадать с фактическим по доставке, а так меня все устраивает, хотелось бы увеличение кол во дару сторов",0,0,1,0,0,0,0,0
Самокат расположен в моем доме. В последнее время стали доставлять заметно дольше.,0,0,1,0,0,0,0,0
"Курьеры часто приходят не на тот адрес, приходится созваниваться и на пальцах объяснять куда идти, либо вообще выходить встречать. Люди несерьезно относятся к работе в этом моменте",0,0,1,0,0,0,0,0
"Пишите ""доставка [NUM] минут"", а по факту всегда дольше",0,0,1,0,0,0,0,0
"Хорошо, но дороговато. Маленький выбор мороженого",1,0,0,1,0,0,0,0
"Иногда курьер идёт очень долго, но в следующий раз курьер приходит очень быстро, и не успеваешь планировать время, а время это самый ценный ресурс в нашей жизни, что я хочу этим сказать? Так вот, если вы рекламируете доставку за от [NUM] минут, прошу достави",0,0,1,0,0,0,0,0
Самокат не положит для доставки свежих овощей/фруктов. Срок годности продуктов иногда заканчивается через пару суток,0,0,0,0,1,0,0,0
"Очень долгая доставка.Пишите [NUM] минут, а по факту все [NUM]",0,0,1,0,0,0,0,0
Постоянные ограничения при минимальном заказе отбивают желание заказывать что-либо. Еще нехватка ассортимента расстраивает,1,0,0,0,0,0,0,1
"Долгие доставки, высокие цены.",0,0,1,1,0,0,0,0
"Удивительно быстро, вы супер",0,0,1,0,0,0,0,0
Все долго,0,0,1,0,0,0,0,0
Не списываются бонусы спасибо. Минимальная сумма заказа часто высокая,0,0,0,0,0,0,0,1
"Было бы круто, если бы вы сотрудничали с пекарнями, они на каждом шагу у нас в городе, а с работы не всегда можно сбежать в магазин, пирожки в самокате конечно прикольные, но всё готовое, что долго хранится, не очень на вкус,",1,0,0,0,1,0,0,0
"Товар не доставляется за [NUM] минут, сумма заказа постоянно прыгает",0,0,1,0,0,0,0,1
"Минимальная сумма заказа постоянно растет, поэтому создается плохое впечатление ??",0,0,0,0,0,0,0,1
Мне нравится,0,0,0,0,0,0,0,0
?,0,0,0,0,0,0,0,0
Ассортимент скромный но в целом молодцы),1,0,0,0,0,0,0,0
"Я помню тот первый заказ в [NUM] году который открыл мне невероятный мир быстрых заказов продуктов, до [NUM] года я была увела что ни за что не уйду к конкурентам, сейчас же я делаю не больше одного заказа, [NUM] мин объективно не выдерживает доставка а СТМ????",0,0,1,0,1,0,0,0
Стало очень дорого. Легче самому до магазина дойти,0,0,0,1,0,0,0,0
"Хорошо, но дорого",0,0,0,1,0,0,0,0
"Постоянный обман с доставкой, вы не имеете право писать доставка за [NUM] мин, и никаких встречных решений ни одного вопроса",0,0,1,0,0,1,0,0
Самокат не так уж плох но именно это цефезе допускают частые опоздания задержку товаров превышают цены для заказа лимита я очень этим дедавольна я думаю так думают многие клиенты,0,0,1,1,0,0,0,1
Ок,0,0,0,0,0,0,0,0
"Думаю что вы не достаточно нацелены на клиентов , и в поддержи используете слишком часто отговорки на системы автоматизации, будто она управляет вашим персоналом, лишили  меня ужина из-за того что кто то на долю секунды раньше ДОБАВЬТЕ ОПЛАТУ ПРИ ПОЛУЧЕНИ",0,0,0,0,0,1,0,1
Я написала ???????,0,0,0,0,0,0,0,0
"Доставка не вовремя. Время одно , по факту другое",0,0,1,0,0,0,0,0
Плохое и некачественное соблюдение норм хранения продуктов - в частности молоко и сливки. Очень часто привозят молоко сроком подходящим к концу. Молоко оказывается кислым. Не раз жаловалась в службу поддержки. В итоге перестала заказывать.,0,0,0,0,1,1,0,0
"слишклм долгая доставка,дорого,нужно улучшить ассортимент",1,0,1,1,0,0,0,0
Очень медленная доставка. Последний год всегда доставка от [NUM] минут.,0,0,1,0,0,0,0,0
"Отвратительно работаете, из [NUM] заказов вовремя приедет максимум [NUM]",0,0,1,0,0,0,0,0
"Достаточно завышенные цены, но доставка на высоте.",0,0,1,1,0,0,0,0
Не хватает алкоголя и сигарет,1,0,0,0,0,0,0,0
"Быстро, удобно, доступно",0,0,1,0,0,0,0,0
Долго,0,0,1,0,0,0,0,0
"Всё хорошо, но с курьерами везет когда как",0,0,1,0,0,0,0,0
Продукты не всегда свежие. Курьер привозит заказ каждый раз по-разному. Цены очень сильно отличаются от тех что в магазинах. Товары не соответствуют фотографиям что приложены в приложении.,0,0,1,1,1,0,0,0
??,0,0,0,0,0,0,0,0
"Часто привозят продукты не свежие,часто такое что товар годен день-два(ответ поддержки один-что все хорошо, так и должно быть). Часто задерживаются курьеры",0,0,1,0,1,1,0,0
В целом неплохо,0,0,0,0,0,0,0,0
Залупа ебаная. Овнер самоката хуесос,0,0,0,0,0,0,0,0
дорого. хотелось бы круглосуточно,0,0,1,1,0,0,0,0
"Вечно товар приходит то мятый , то гнилой !",0,0,0,0,1,0,0,0
Очень долгая доставка,0,0,1,0,0,0,0,0
Очень долго,0,0,1,0,0,0,0,0
хочется по больше ассортимента,1,0,0,0,0,0,0,0
"дорого, ребята",0,0,0,1,0,0,0,0
"Все хорошо, в общем. Давно заказываю, почти каждый день. Но теперь каждый заказ задерживают. И это дико бесит. Если заявляете [NUM] мин, так и пусть привозят. Опоздали , компенсируйте. Вот-вот будет у вас - это иногда длится [NUM]-[NUM] мин ещё.",0,0,1,0,0,1,0,0
"Очень часто доставку задерживают, хотя пишут что курьер вот вот будет у меня. Жду часами!",0,0,1,0,0,0,0,0
Если пишите что доставка быстрая такая и должна быть . Мы заказываем в основном для работы и срочно а получается быстрее добежать до магазина и вернуться,0,0,1,0,0,0,0,0
Улучшить условия работы для курьеров и дела пойдут в гору.,0,0,1,0,0,0,0,0
курьеры всегда задерживаются по утрам,0,0,1,0,0,0,0,0
"Очень долгая доставка , последнее время ужасное качество продуктов",0,0,1,0,1,0,0,0
Говно,0,0,0,0,0,0,0,0
"У вас забастовки, а страдают от этого клиенты. Проконсультировать нормально так и не смогли, даже не смогли ответить доставят ли мне сегодня товар или нет. Вы худшие в плане тех поддержки",0,0,1,0,0,1,0,0
Доставка больше [NUM] минут,0,0,1,0,0,0,0,0
"К курьеру претензий нет,а к поиску курьера есть вопрос. Искали курьера [NUM]м, потом он ехал [NUM]м.Наймите больше сотрудников, если люди не идут к вам работать или уходят, прибавьте ЗП. Смысл обещаний в [NUM]м-[NUM]м доставим, пишите сразу от [NUM]ч и вопросов не будет!",0,0,1,0,0,0,0,0
"В последнее время   привозят то разлито,то не свежее очень,то разбито",0,0,1,0,1,0,0,0
Долгая и не качественная доставка.,0,0,1,0,1,0,0,0
Все хорошо !,0,0,0,0,0,0,0,0
"Фрукты не нравятся , совсем безвкусные , не спелые",0,0,0,0,1,0,0,0
Привет,0,0,0,0,0,0,0,0
Слишком долго собирают заказы и очень долго доставляют,0,0,1,0,0,0,0,0
"Все ок в целом,но иногда возникают не приятные ситуации",0,0,0,0,0,0,0,0
"Часто привозятся товары, почти с истекшим сроком годности-это главный минус",0,0,0,0,1,0,0,0
"Очень удобно для мамочек в декрете??Ребятишки молодцы, правда иногда забывают что то положить??",0,0,1,0,0,0,0,0
"Очень долго стали доставлять. [NUM] минут с учетом того, что до даркстора всего [NUM] минут ходьбы, в следующий раз проще будет самому до магазина дойти.",0,0,1,0,0,0,0,0
"Дорого, но удобно",0,0,1,0,0,0,0,0
"Не всегда есть выбор,часто нет товара,не всегда свежее",1,0,0,0,1,0,0,0
"Напишите, пожалуйста сразу, если курьер не успевает, в этом нет его вины, он то самую ужасную часть работы выполняет",0,0,1,0,0,0,0,0
К сожалению заказ очень долго висит что его скоро начнут собирать,0,0,1,0,0,0,0,0
"Слишком долго отвечает и решает проблемы поддержка, слишком долго везут заказ",0,0,1,0,0,1,0,0
"Доставляете правда за [NUM] минут! От заказа а приле до двери и все будет топчик! Стали часто опаздывать, в обычную нормальную погоду",0,0,1,0,0,0,0,0
"иногда слишком дорого, овощи резиновые;(",0,0,0,1,1,0,0,0
Последний курьер не совсем компетентный,0,0,1,0,0,0,0,0
Спасибо что вы есть:),0,0,0,0,0,0,0,0
Норм,0,0,0,0,0,0,0,0
"часто приходят не самые свежие продукты, а которым буквально осталось пару дней, это расстраивает… без предупреждения убираете позицию из заказа, а предупреждает уже курьер на месте, и зачем? ведь можно позвонить заранее и поменять на что-нибудь другое",0,0,1,0,1,1,0,0
Реальное время доставки (и о задержках) предупреждают только после оплаты,0,0,1,0,0,1,0,0
Очень плохие курьеры,0,0,1,0,0,0,0,0
"Пользуюсь часто вашим сервисом, но! Постоянно задержки, заказ везут от [NUM] мин до [NUM].[NUM]!!!! Постоянно привозят просрочку!",0,0,1,0,1,0,0,0
В последнее время стала медленнее доставка,0,0,1,0,0,0,0,0
Красота,0,0,0,0,0,0,0,0
Я рот ебал у в,0,0,0,0,0,0,0,0
"чаще товар доставляется «не первой свежести», доставка на уровне ниже среднего, поддержка тоже самое",0,0,1,0,1,1,0,0
"не указывайте, что курьер будет через [NUM]-[NUM] минут, когда по факту он только через [NUM] минут приходит",0,0,1,0,0,0,0,0
Привезли не тот заказ,0,0,1,0,0,0,0,0
Цены очень кусаются,0,0,0,1,0,0,0,0
"Удобный сервис, хорошо бы увеличить ассортимент и улучшить качество предлагаемых продуктов, что цена и качество продуктов больше соотносились друг с другом.",1,0,0,1,1,0,0,0
Доставка долгая стала,0,0,1,0,0,0,0,0
"За обещанные [NUM], и даже [NUM] минут заказ не довозится. Часто, продукты с заканчивающимся сроком годности.",0,0,1,0,1,0,0,0
Долгое ожидание по вечерам,0,0,1,0,0,0,0,0
"Сервис отличный и идея такой быстрой доставки просто огонь. Но! У дарксторов огромные проблемы с овощами, иногда и с фруктами. Я уже не рискую их заказывать, каждый раз приезжает какая-то часть или всё (из овощей и фруктов) с гнилью, плесенью или иными ве",0,0,0,0,1,0,0,0
Хуево думаю,0,0,0,0,0,0,0,0
Плохое приложение очень сильно тупит телефон мощный ассортимент маленький качество продуктов не очень хорошее,1,0,0,0,1,0,1,0
Говно,0,0,0,0,0,0,0,0
Не об этом думать надо в такое время,0,0,0,0,0,0,0,0
Долго доставляют,0,0,1,0,0,0,0,0
Дорого,0,0,0,1,0,0,0,0
"Цены значительно выше, чем в других магазинах",0,0,0,1,0,0,0,0
"Долго доставляют , никогда за [NUM] мин не привозили . Еда от Бренда самокат , полное говно . Сосиски за [NUM]? есть невозможно , вообще . Когда только открылись было отлично , сейчас же все печально . Продукты постоянно какие то странные . Честно мое мнение.",0,0,1,1,1,0,0,0
"Цены в [NUM] раз дороже чем в магазине, вечно опаздывают, слишком мало товаров.",1,0,1,1,1,1,0,0
"Мне не нравиться когда мне звонит курьер и его не понять, плохо знают язык даже на уровне работы, может стоит их обучать банальным фразам? Типо: Я приехал, спускайтесь!) Или ""я подъезжаю, спускайтесь!)"" Ну и тд.",0,0,1,0,0,0,0,0
Очень долгая доставка,0,0,1,0,0,0,0,0
"Оформление заказа от [NUM] руб, при том, что необходимо самое минимальное молоко, приходится набирать не нужное. Из [NUM] раз при возникшей необходимости оформила первый раз. Раньше шоколадку можно было купить. Плохо.",0,0,0,1,0,0,0,1
Не соответствует действительности,0,0,0,0,0,0,0,0
"Видимо везёт сильно мне) но курьеры все какие то странные, все написано в комментариях подробно, они все равно стоят и ждут, а потом ругаются что они долго ждут) научите читать курьеров комментарии",0,0,1,0,0,1,0,0
Не играйте в доту пацаны,0,0,0,0,0,0,0,0
"Хорошая компания, но хотелось бы иметь способ отказа от продукта при доставке, если качество плохое. То есть сразу вернуть товар и деньги за него.",0,0,1,0,1,0,0,1
Курьер привез пробитую бутылку воды.,0,0,1,0,1,0,0,0
Ранее заказ был от [NUM] сейчас от [NUM] не очень !,0,0,0,1,0,0,0,1
Отвратительная клиентоориентированность. Привозят сроки продуктов [NUM]-[NUM] дня. Могут забыть позиции,0,0,1,0,1,1,0,0
Обман со временем доставки,0,0,1,0,0,0,0,0
Долгая доставка,0,0,1,0,0,0,0,0
Курьеры стали очень долго доставлять заказ,0,0,1,0,0,0,0,0
Не везде доставляют,0,0,1,0,0,0,0,0
"Кол-во товара сильно зависит от района. Пожалуйста,увеличьте ассортимент",1,0,0,0,0,0,0,0
"Вы полное дермище, самый худший лоукостер в рф",0,0,0,0,0,0,0,0
В последнее время очень долго доставляют и долго собирают и обрабатывают заказ. Яндекс [NUM] в этом плане намного оперативнее,0,0,1,0,0,0,0,0
"Нравится Самокат в плане доставки, сервиса и некоторых интересных продуктов, но часто предпочитаю Яндекс.Лавку за счёт более крупного и разнообразного ассортимента и доступных цен",1,0,0,1,0,0,0,0
"Бывают задержки с доставкой, хотелось бы их избежать и нет промокодов",0,1,1,0,0,0,0,0
"Некоторые продукты неоправданно дорогие, доставка в последнее время стала лучше, приезжает не через пол года, а чуть раньше. Продукты первой необходимости есть и это хорошо, но ассортимента хотелось бы побольше, особенно фруктов и ягод",1,0,1,1,0,0,0,0
"Неаккуратная доставка - упаковки помятые, может открыться и пролиться. Упакованные продукты приезжают с плесенью. Овощи и фрукты иногда просто незрелые. Хорошо бы иметь возможность ставить оценку продуктам и видеть рейтинг",0,0,1,0,1,0,0,0
"С кайфом, но цены перегнуты",0,0,0,1,0,0,0,0
Ужасная доставка,0,0,1,0,0,0,0,0
Очень маленький ассортимент с высокими ценами. Не нравится что заказ нельзя оставить у двери,1,0,1,1,0,0,0,0
"Вместо [NUM]-[NUM] минут, стали доставлять от [NUM] минут, в течении долгого времени",0,0,1,0,0,0,0,0
Стали хуже,0,0,0,0,0,0,0,0
Часто проблема из-за долгой доставки,0,0,1,0,0,0,0,0
"Если заказываю овощи в сетке, все остальные продукты в земле. Поэтому перестала их заказывать.",0,0,1,0,1,0,0,0
"Иногда бывает долгое ожидание, мало продуктов без глютена без сахара и лактозы .",1,0,1,0,0,0,0,0
Мяу мяу мяу мяу мяу мяу,0,0,0,0,0,0,0,0
"Осадок после испорченной курицы, привезенной курьером, остался и заказывать подобного рода продукты теперь, через ваш сервис, небезопасно.",0,0,0,0,1,0,0,0
Совершенно не можете доставлять заказы,0,0,1,0,0,0,0,0
К сожалению стали часто привозить просроченную продукцию.,0,0,0,0,1,0,0,0
"Я обожаю самокат. Вчера я хотела заказать кофе в дрипах ассорти. И на него была скидка [NUM]%, нов не успела до [NUM]:[NUM] и на следующий день они уже были без скидки(",0,1,0,0,0,0,0,0
Ничего,0,0,0,0,0,0,0,0
"Мне нравится, я часто заказываю продукты у вас. Но достаточно часто они приезжают испорченные",0,0,0,0,1,0,0,0
"Очень нравится, на самом деле первый раз заказывал продукты именно в Самокате",0,0,0,0,0,0,0,0
"Вечером курьера иногда думаешь , что не дождешься , так долго ждать",0,0,1,0,0,0,0,0
"Абсолютно неадекватная скорость доставки заказов. Нет никаких [NUM] минут даже в разгруженные дни / часа. Нет возможности выйти на связь с курьером, чтоб он сообщение через сколько будет на месте (это часто очень нужно, ибо доставка необходима в краткий срок",0,0,1,0,0,1,0,0
Успехов в работе .,0,0,0,0,0,0,0,0
"Доставка (с момента списания) позиционируется за [NUM] минут. Фактически время ожидания в не часы пик достигает [NUM]-[NUM] минут.",0,0,1,0,0,0,0,0
"Удобное приложение, главное, что курьерам и фасовщиками работается комфортно. Единственный минус — не всегда свежая еда, иногда привозят просроченную!",0,0,0,0,1,0,0,0
"Никогда не знаешь, с задержкой привезут или нет, ходовых товаров мало и их раскупают",1,0,1,0,0,0,0,0
"Очень долгая доставка, вместо заявленных [NUM] минут доставку бывает по [NUM],[NUM] часа",0,0,1,0,0,0,0,0
"Доставка иногда бывает очень долгая. Товары привозят в отвратительном виде. Ассортимент не очень большой,бывает что нет самых ходовых продуктов..",1,0,1,0,1,0,0,0
"Очень удобный сервис, но хотелось бы, чтобы вы расширили ассортимент??",1,0,0,0,0,0,0,0
"В целом все нравилось, но несколько раз были проблемы с доставкой, задержки на большое время, и все это в районе академа. Поэтому общее впечатление испортилось. Но пользоваться продолжаю, нравится ассортимент товаров.",1,0,1,0,0,0,0,0
"Ни одна доставка не занимает [NUM] минут, всегда около [NUM]",0,0,1,0,0,0,0,0
Доглая доставка,0,0,1,0,0,0,0,0
Готовая еда отвратительного качества,0,0,0,0,1,0,0,0
качество продуктов иногда желает лучшего…..,0,0,0,0,1,0,0,0
"Время доставки вообще перестало соответствовать тому, что написано в приложении. Заказ жду час и больше. Цены на некоторые позиции слишком завышены. Приложение работает некорректно. Но самое печальное - это всё-таки время доставки.",0,0,1,1,0,0,1,0
"Кучка извращенцев, гореть вам в аду!",0,0,0,0,0,0,0,0
Поддержка не отвечает уже [NUM] неделю,0,0,0,0,0,1,0,0
"Для чего писать в приложении, что доставка [NUM] минут и везти заказ больше [NUM] минут? Что за неуважение к клиенту, за все это потерянное время, мы могли бы сами уже [NUM] раза сходить в магазин, а не ждать. Даже не пишут через сколько курьер будет, сиди и гадай",0,0,1,0,0,1,0,0
Раньше было лучше,0,0,0,0,0,0,0,0
Иногда долгое ожидание,0,0,1,0,0,0,0,0
"Заказываю через сбермаркет - там удобнее, но уже неделю выдаёт ошибку невозможно заказать самокат",0,0,0,0,0,0,1,1
Курьеры очень часто задерживают заказы на час когда спрос маленький,0,0,1,0,0,0,0,0
"Цены выше, чем в аналогичных маркетах - это плохо",0,0,0,1,0,0,0,0
Очень долго везут заказ!!!,0,0,1,0,0,0,0,0
"Когда лень идти за черешней - есть самокат. То есть первое, что придет в голову - ваша доставка. не Яндекс Маркет, а вы ????",0,0,1,0,0,0,0,0
Не хватает отзывов о продуктах .,0,0,0,0,0,0,1,0
Захожу в самокат только из за доставки в течение [NUM]мин. Когда она дольше - приложение фактически теряет свою ценность,0,0,1,0,0,0,0,0
Бывает просрочка или кислая молочка. Долгая доставка,0,0,1,0,1,0,0,0
"Следите за качеством товара! Привезти пакет продуктов где ГНИЛЫЕ яблоки растеклись на весь пакет! Это наглость! И поддержка может вернуть только стоимость этих яблок, а остальное все, пропахшее гнилью и все в слизи как есть предлагаете?я посмотрю на вас!",0,0,0,0,1,1,0,0
Больно дорого,0,0,0,1,0,0,0,0
Очень часто проблемы с задержкой.... [NUM]% случаев опоздание и задержка ....,0,0,1,0,0,0,0,0
"Очень долго доставляют в последнее время. Когда заказываю с самоката, значит мне нужно быстро. Если бы мне нужна была доставка через час, я бы в магазин сходила. Вы либо исправьте статус «[NUM] минут», либо приносите за эти [NUM] минут.",0,0,1,0,0,0,0,0
Вечные опоздания. Часто испорченные продукты.,0,0,1,0,1,0,0,0
Криво работает возврат денежных средств!,0,0,0,0,0,0,0,1
"Цены достаточно высокие. Непомерные деньги за фрукты и овощи. Маркетинговый ход понятен с меньшим весом. Но [NUM]-[NUM] грамм по цене килограмма - это жесть. Невозможно сделать [NUM] корзины. Отложить в отдельную папку то, что нужно купить на завтра, вроде списка",0,0,0,1,0,0,1,0
Долгая доставка,0,0,1,0,0,0,0,0
Нужно улучшать ассортимент,1,0,0,0,0,0,0,0
"Цены на овощи, фрукты настолько завышены относительно среднерыночных, что глаза на лоб лезут",0,0,0,1,0,0,0,0
"Ужасно, поддержка нормально не работает, доставки спустя час нет.",0,0,1,0,0,1,0,0
Часто доставляют испорченные продукты,0,0,0,0,1,0,0,0
Цены выше Чем в обычном магазине,0,0,0,1,0,0,0,0
Уже минут [NUM] жду пока доставку передадут курьеру и неизвестно сколько я еще прожду и такое случается не первый раз!,0,0,1,0,0,0,0,0
"Последний месяц собирают заказ дольше, чем обещанное время доставки вне зависимости от загруженности",0,0,1,0,0,0,0,0
"Очень часто задерживают доставку, осуществляют дольше положенного",0,0,1,0,0,0,0,0
"Сильно упал сервис доставки, товары однотипные, ничего нового не появляется ( в плане еды)",1,0,1,0,0,0,0,0
Доставка практически никогда не бывает [NUM] минут. Это очень печально,0,0,1,0,0,0,0,0
"Все норм, но че так дорого?!",0,0,0,1,0,0,0,0
Devochkavensdeigrustniemojitimnenravishsyatemchtoninakogonepohozha ????????????????,0,0,0,0,0,0,0,0
В последнее время долго доставляете заказ который за [NUM] минут уже [NUM] и то только собирают,0,0,1,0,0,0,0,0
"Быстрая доставка, но цены намного дороже, чем у других доставок, поэтому заказываю у вас только при повышенном спросе в других доставках. Не хватает акций.",0,1,1,1,0,0,0,0
отвратительно,0,0,0,0,0,0,0,0
"Вообще самокат люблю, часто заказываю, все вроде хорошо. Но есть неприятные моменты с доставкой, если ждешь [NUM] минут, вместо [NUM] даже не извиняются. А когда перепутали заказы, обещают что привезут мой заказ через [NUM] минут и ошибочный заказ можно оставлять",0,0,1,0,0,1,0,0
Верните список избранного на место.,0,0,0,0,0,0,1,0
"Порой цены слишком высокие, это расстраивает.",0,0,0,1,0,0,0,0
Вы крутые,0,0,0,0,0,0,0,0
"[NUM]-[NUM] раза было так, что привозили не свежие продукты. Время доставки в приложении не совпадает с фактическим временем, доставка в среднем [NUM]-[NUM] минут, хотя написано всегда [NUM]",0,0,1,0,1,0,0,0
"Улучшайте ассортимент сладкого, цены выше среднего",1,0,0,1,0,0,0,0
"дорого, поддержка долго отвечает. заказы приходят долго. оплаты наличными нету.",0,0,1,1,0,1,0,1
"Ждём по [NUM],[NUM] часа а операторы тупо молчат",0,0,1,0,0,1,0,0
"разнообразие есть, но мало. вкусвилл пока выигрывает во многом.",1,0,0,0,0,0,0,0
Ну хорошо ну может быть лутше,0,0,0,0,0,0,0,0
Очень нравится скорость доставки,0,0,1,0,0,0,0,0
;),0,0,0,0,0,0,0,0
"Вечные опоздания, часто заказываем мороженое и оно приходит либо в смятку, либо растаявшее",0,0,1,0,1,0,0,0
"Курьеры не ответственные, постоянно опаздывают, комментарий к заказу не читают",0,0,1,0,0,0,0,0
"Нормально вроде все, но за сроками хранения следите и за условиями",0,0,0,0,1,0,0,0
все нравится,0,0,0,0,0,0,0,0
Все круто но цена кусается иногда и не очень вкусная готовая еда,0,0,0,1,1,0,0,0
"Я больше предпочитаю Яндекс лавку. Когда у нас она появится в городе, и я уйду туда. А пока её нет я буду пользоваться самокатом",0,0,0,0,0,0,0,0
"Дорого! Очень дорого! Плюс некачественные продукты. Доставка курьером в последнее время долгая,приходится не дожидаться и отменять заказ!!!",0,0,1,1,1,0,0,0
"Хотелось бы,чтобы цены были чуть-чуть пониже, потому,что даже в магазинах дешевле намного",0,0,0,1,0,0,0,0
"Перец привезли испорченный, гнилой",0,0,0,0,1,0,0,0
"Хотелось бы что бы готовую еду привозили более свежей , а не за пару дней до истечения срока годности",0,0,0,0,1,0,0,0
"Все реже заказываю фрукты и овощи в самокате, потому что они приезжают либо испорченными либо совсем неспелыми",0,0,0,0,1,0,0,0
Все отлично за исключением скорости доставки и отсутствия возможности отслеживания курьеров онлайн,0,0,1,0,0,0,0,0
Иногда приходится долго ждать доставку.,0,0,1,0,0,0,0,0
"Есть недочеты в работе курьеров, они могут позвонить и говорить на матах, долбить в дверь, хотя дома маленький малыш, неаккуратно нести еду. Также качество фруктов страдает.",0,0,1,0,1,0,0,0
Надо работать с приложением иногда долго грузит нормальный разработчиков надо найти а этих швырнут надо (надеюсь это не читають разработчики ??),0,0,0,0,0,0,1,0
Последние несколько заказов доставка осуществляется за полчаса и более. Фрукты и овощи не очень хорошего качества.,0,0,1,0,1,0,0,0
Быстро и качественно,0,0,1,0,0,0,0,0
"Перестали давать скидку за то, что заказ привозили дольше, чем за [NUM] минут. Скидки очень маленькие для заказов от большой суммы.",0,1,1,1,0,0,0,0
"Очень долгая доставка, в остальном все отлично)",0,0,1,0,0,0,0,0
самокат намного лучше чем сбермаркет !,0,0,0,0,0,0,0,0
"Обещаете [NUM] минут ю, в итоге укладываетесь [NUM] раз из [NUM] заказов, а поддержка при этом вместо извинений говорит, да у нас там где прописано в правилах, что дольше можно. Откровенный обман.",0,0,1,0,0,1,0,0
Некоторые позиции намного дороже. Вцелом круто что многое с чистым составом. Если бы не скачки цен в два раза то я бы только самокатом и пользовался,0,0,0,1,0,0,0,0
Дорого,0,0,0,1,0,0,0,0
Мно не русских которые не знают русский язык таких курьеров не должно быть,0,0,1,0,0,0,0,0
дорого,0,0,0,1,0,0,0,0
Почему не работаете после [NUM]:[NUM]???????,0,0,0,0,0,0,0,0
"Могли бы назваться велосипед, это такое же родное но более статусное название.",0,0,0,0,0,0,0,0
Очень долгая доставка. [NUM]-[NUM] минут,0,0,1,0,0,0,0,0
"Как здорово, что вы рядом????",0,0,0,0,0,0,0,0
Добавьте трекер курьера,0,0,1,0,0,0,1,0
.,0,0,0,0,0,0,0,0
Очень не удобная поддержка,0,0,0,0,0,1,0,0
"Всегда пишет, что доставка [NUM] минут до моего местонахождения. Но в среднем это ВСЕГДА [NUM] минут.",0,0,1,0,0,0,0,0
"Доставка не [NUM] мин, можно расширить ассортимент",1,0,1,0,0,0,0,0
"Очень удобно делать заказ, но чаевые через приложение ещё ни разу не получалось отплатить, глючит...",0,0,0,0,0,0,1,1
Бывает доставка около часа или больше.,0,0,1,0,0,0,0,0
"В последнее время стали очень долго доставлять, можно заказать в полноценном магазине и привезут быстрее.",0,0,1,0,0,0,0,0
"Сделать поиск товара проще, увеличить ассортимент и акции",1,1,0,1,0,0,1,0
Мороженое приносят слегка подтаявшее. Даркстор где-то очень далеко и привозят всегда больше интервала [NUM] мин. Некоторые вещи сразу на выброс идут.,0,0,1,0,1,0,0,0
"Доставка стала от [NUM] рублей просто днём в будний день. И не [NUM] минут а пол часа! В чем тогда ваше преимущество, если продукты дороже? Поиск действительно нужно доработать, не всегда можно найти нужные продукты в подходящих категориях",1,0,1,1,0,0,1,0
Пойдет,0,0,0,0,0,0,0,0
Каждый раз жду вечность,0,0,1,0,0,0,0,0
"Думаю, что нужно установить минимальную сумму заказа [NUM] рублей и всё! И не повышать её. Раньше было от [NUM] рублей заказ! Потом от ста! Иногда бывает от [NUM]-[NUM] рублей заказ!!! Если человеку ничего не нужно на такую сумму?",0,0,0,1,0,0,0,0
"Долгая доставка, не свежие продукты",0,0,1,0,1,0,0,0
"Отличный сервис! Очень удобно, особенно когда кот лежит на мне и спит, а на улице дождь как сейчас... ?? почему у вас алко нет? С Вами не сопьешься ребята... хочу бесплатный пудинг с белым шоколадом клубничный, хотябы скидку на него дайте ??",1,1,0,0,0,0,0,0
"Всё круто, но иногда не хватает чего-то!",1,0,0,0,0,0,0,0
"Курьерам часто приходится объяснять как найти квартиру, чтобы они в итоге её не нашли. Если только отметить «оставить у двери», но не написать это же в комментариях к заказу, то точно не оставят у двери",0,0,1,0,0,0,0,0
"Почему у вас доставка теперь час и более? Где времена когда привозили за [NUM]-[NUM] минут? Теперь можно заказывать в ленте, там час также , но и цены дешевле",0,0,1,1,0,0,0,0
"Нахрена списывать деньги, если у вас нет товара в наличии?! Сначала соберите товары потом списывайте!",0,0,0,0,0,0,0,1
Очень долгая доставка,0,0,1,0,0,0,0,0
"Один раз мне привезли откровенно тухлые, уже сгнившие овощи и всё что смогли сделать, это просто вернуть деньги, мои комментарии в инсте вы удалили)",0,0,0,0,1,1,0,0
"Очень долго, очень идет сборка заказа из трех позиций, доставка до соседнего дома [NUM] минут, [NUM]!!!!!!",0,0,1,0,0,0,0,0
слишком большая стоимость заказа..,0,0,0,1,0,0,0,0
"Последнее время постоянно задержки при том что доставка пишет [NUM] минут! Жду по [NUM]+ минут, цены выше обычных, но обычно надеюсь на доставку по этому готова переплачивать, но с такими задержками лучше буду в других сервисах заказывать они хотя бы честно вре",0,0,1,1,0,0,0,0
"Раньше очень быстро привозили заказ, в последнее время приходиться намного дольше ждать. И продукты не всегда свежие, что очень расстраивает.",0,0,1,0,1,0,0,0
"Прошло [NUM] минут с оплаты заказа, всё ещё «курьер задерживается»…",0,0,1,0,0,0,0,0
"Иногда очень долгая доставка, лучше, конечно, предупреждать об этом заранее. Ну, и цены на большентво продуктов завышены. Из хорошего очень нравится ваше производство продуктов ""самокат"", состав всегда хороший.",0,0,1,1,0,0,0,0
"Очень долгая доставка. О задержках не предупреждаете. Цены завышены за доставку, которая очень испортилась",0,0,1,1,0,0,0,0
"Долгая доставка, испорченный товар",0,0,1,0,1,0,0,0
Долго,0,0,1,0,0,0,0,0
Часто опаздываете,0,0,1,0,0,0,0,0
Бывает что по вине курьера страдает внешний вид продукта,0,0,1,0,1,0,0,0
Привет,0,0,0,0,0,0,0,0
"Бывает что доставляют продукты не надлежащего вида, качества. Усильте контроль качества пожалуйста. И не корректно показано время доставки. Пишут [NUM]-[NUM] минут, а по факту час.",0,0,1,0,1,0,0,0
"Порой овощи и фрукты доставляют в не свежем состояние, мороженое зачастую перемороженное в принципе как и полуготовая еда, а напитки наоборот теплые",0,0,0,0,1,0,0,0
"Очень удобный сервис, но задержки по времени очень напрягают..",0,0,1,0,0,0,0,0
"В основном хорошое качество продуктов и большой ассортимент. Не совсем устраивает доставка,когда пишут что через пол часа привезут заказ,по факту привозят через час,а то и больше.",1,0,1,0,1,0,0,0
Хотелось бы получать свежие продукты особенно молочные.,0,0,0,0,1,0,0,0
"[NUM]. Доставка стала сильно дольше, в чем конкурентное преимущество? Мне Пят?рочка быстрее привозит. [NUM]. Постоянно чего-то из того, что в закладках у меня, нет. [NUM]. Добавьте нормального вкусного хлеба в ассортимент!! Молю ????",1,0,1,0,0,0,1,0
Хочется расширить радиус доставки,0,0,1,0,0,0,0,0
Постоянно доставка дольше от заявленного времени в приложении! Считаю большим минусом,0,0,1,0,0,0,0,0
"Несколько раз заказала салат, со сроком годности [NUM] день, привозили почти просроченное, батон вообще просроченный привезли, с плесенью ) про доставку вообще молчу, последнее время  что-то очень долго",0,0,1,0,1,0,0,0
"Стала долгая доставка,некоторые продукты привозят,где срок годности остаётся только один день!",0,0,1,0,1,0,0,0
"Поддержка так себе. Курьеры часто едут долго. Если написано, что доставим за [NUM] минут, то я жду курьера в течение [NUM] минут. Но бывает, что он едет больше часа. На это поддержка ничего сказать не может ???????",0,0,1,0,0,1,0,0
Долго доставляете и слишком частно суммы заказа от [NUM]р,0,0,1,1,0,0,0,0
"Удобно что быстрая доставка, но качество товара оставляет желать лучшего! Не всегда можешь быть уверенным что заказав мясо с самоката точно сможешь его приготовить, поддержка вместо того чтобы решить вопрос ведёт расследование никому не нужное",0,0,1,0,1,1,0,0
"Хотелось бы чтоб улучшить качество продуктов, постоянно с истекающим сроком годности или уже непригодные к еде, ну и поддержка у вас шляпа полная",0,0,0,0,1,1,0,0
Бывает очень долгая доставка.  И это очень не приятно за такие цены!,0,0,1,1,0,0,0,0
"На картинке продукты одни, а привозите совершенно другое и в поддержке девушка утверждает что я не правильно читаю, мрак какой то!!!",0,0,0,0,1,1,0,0
Долго,0,0,1,0,0,0,0,0
"Удобный сервис, но не хватает рядовых продуктов.",1,0,0,0,0,0,0,0
"Разочаровываюсь в качестве продуктов. Постоянно привозят испорченные продукты, а если нормальная дата, то нарушено условие хранение. В общем каждый раз заказывая, нахожусь в напряжении",0,0,0,0,1,0,0,0
Удобства во всём но цены через чер гнетёт,0,0,0,1,0,0,0,0
"Раньше доставка была намного быстрее,сейчас же доставка составляет от [NUM] до [NUM] минут",0,0,1,0,0,0,0,0
"Очень долгая доставка стала. Зачем писать [NUM] мин, когда по факту это давно уже минимум [NUM]?",0,0,1,0,0,0,0,0
"доставка дольше обычного, цены высокие для нашего города, курьеры безответственные",0,0,1,1,0,0,0,0
"Все началось с того, что ожидание заказа было [NUM] часа без причины (не было плохой погоды, непраздный день), в поддержке была только моральная поддержка. В следующем заказе привезли рассыпанную муку на [NUM]%, потом просроченную свинину.",0,0,1,0,1,1,0,0
"Долго ждать ,лучше бы заказал в другом месте",0,0,1,0,0,0,0,0
Очень долго!,0,0,1,0,0,0,0,0
Сборщики не прислушиваются к комментариям во время сборки Поддержка не компетентна,0,0,1,0,0,1,0,0
очень большой минимальный порог для доставки,0,0,0,1,0,0,0,0
Очень мало ассортимента,1,0,0,0,0,0,0,0
"Хоть и у нас не мало денег, но дороговато все равно , и побольше ассортимент товаров",1,0,0,1,0,0,0,0
"Нравиться что минимальная сумма доставки маленькая. Но после одного раза когда мне ни позвонили, ни написали и просто отменили мой заказ из за якобы невозможности связаться страшно заказывать, потому что не хочется повторения ситуации когда сидишь и ждёшь",0,0,0,1,0,1,0,0
Часто стали опаздывать. Заказы доставляются по сорок минут.,0,0,1,0,0,0,0,0
"Склад находится на [NUM] этаже моего дома, доставка больше [NUM] минут!",0,0,1,0,0,0,0,0
"Очень долго везут заказы, два дня вообще не работает нечего даже не начинают собирать заказ ??",0,0,1,0,0,0,0,0
"Приехал курьер, позвонил по телефону, сказал, что в доме нет лифта, поэтому он не пойдет на [NUM] этаж и мне нужно спуститься. Дома только я и двухгодовалый ребёнок, которого я не могу оставить. У вас новые правила?",0,0,1,0,0,0,0,0
Качество сервиса желает оставлять лучшего.,0,0,0,0,0,0,0,0
Акция [NUM]% на заказ от [NUM] это чистой воды обман. Всё вообще не так как.,0,1,0,1,0,0,0,0
Плохое,0,0,0,0,0,0,0,0
"Бывает не редко, что привозят продукт не соответствующий ассортименту. Либо не дозревший- это касается фруктов и овощей! Бывало и молочка просрочена.",0,0,0,0,1,0,0,0
"Раньше доставка была [NUM]-[NUM]мин,сейчас увеличили в [NUM] раза,теперь до [NUM] минут...",0,0,1,0,0,0,0,0
"+ быстрая доставка. -высокие цены, маленький ассортимент, небольшой захват территории",1,0,1,1,0,0,0,0
Долго,0,0,1,0,0,0,0,0
~,0,0,0,0,0,0,0,0
Думаю о вас не совсем хорошо,0,0,0,0,0,0,0,0
"Постоянно курьер опаздывает. Неудобные разделы, часто долго приходится искать нужные продукты.",0,0,1,0,0,0,1,0
Ничего хорошего,0,0,0,0,0,0,0,0
"Очень часто доставка стала достаточно долгой, иногда заказ доставляют за час или больше. В целом это не страшно, но в приложении может висеть, что курьер вот вот будет у вас по полчаса. Мне кажется гораздо удобнее было бы, если бы писали реальное время.",0,0,1,0,0,0,0,0
вы лучшие,0,0,0,0,0,0,0,0
"Раздражает, что доставка стоит всегда по-разному. В большинстве случаев приходится не заказывать вовсе, либо заказать в другом приложении. Продуктов по акции замечаю мало. Ассортимент тоже нужно расширять.",1,1,0,1,0,0,1,0
"В вечернее время доставка задерживается на пол часа и больше. Второй раз заказывала молоко от самоката и оно было прокисшее, при нагреве съеживалось и преобразовывалось в хлопья. Авокадо хасс бывает переспелое, гнилое. Курьеры иногда хамят.",0,0,1,0,1,0,0,0
Долго очень стало,0,0,1,0,0,0,0,0
Долгая доставка,0,0,1,0,0,0,0,0
"Все нравится кроме сроков годности особенно на молочку , несколько раз привозили просроченное",0,0,0,0,1,0,0,0
Все нравится,0,0,0,0,0,0,0,0
"Написано доставка [NUM] минут, уже прошло [NUM] заказ еще не у куртера",0,0,1,0,0,1,0,0
"Доставка всегда очень долго, час и дольше,а не [NUM]-[NUM] мин",0,0,1,0,0,0,0,0
"Люблю пользоваться этим приложением, быстрая доставка, есть любимые продукты. не всегда вежливые доставщики и часто некачественная сборка продуктов, не беру часть продуктов через самокат, так как велик шанс получить некачественный, испорченный товар",1,0,1,0,1,0,0,0
Отвратительная доставка,0,0,1,0,0,0,0,0
-,0,0,0,0,0,0,0,0
В обмен на опоздаете курьера — дарите промокоды на скидку,0,1,1,0,0,0,0,0
Поддержка просто дно! Вы набираете сплошных Дятлов! Которые не могут решить элементарные задачи!,0,0,0,0,0,1,0,0
"Мне не понравилось что один раз заказ я ждала [NUM],[NUM] часа. Поддержка никак не отреагировала. Ни промокод ни скидку ни извините толком. Обиделась .больше такого не было, за это спасибо.",0,1,1,0,0,1,0,0
…,0,0,0,0,0,0,0,0
??,0,0,0,0,0,0,0,0
Вы супер???? Но цены очень высокие!!!,0,0,0,1,0,0,0,0
Долго жду заказ!,0,0,1,0,0,0,0,0
"Я уже час наблюдаю как не собирается мой заказ. Это то, что вам нужно улучшить очевидно",0,0,1,0,0,0,0,0
"В целом хорошая доставка, удобно. Но как-то раз ждали доставку [NUM],[NUM] часа почти. Возможно было что-то с персоналом. Но это очень долго для [NUM]-минутного интернет магазина продуктов. И ассортимент действительно мал.в Яндекспочему-то больше интересных позиций",1,0,1,0,0,0,0,0
"Последнее время кажется, что ассортимент прохудился, а доставка стала часто задерживаться.",1,0,1,0,0,0,0,0
"Несколько привозили некачественные/испорченные товары. Однажды ждал курьера [NUM] часа, но он так и не появился... И сырный суп мне так и не довезли, хотя обещали.",0,0,1,0,1,1,0,0
"все супер,пересмотрите цены и добавьте больше выбора",1,0,0,1,0,0,0,0
Хотелось бы видеть более разнообразный ассортимент,1,0,0,0,0,0,0,0
"Все отлично, кроме доставки",0,0,1,0,0,0,0,0
Хороший,0,0,0,0,0,0,0,0
"Регулярно заказы приносите за полчаса, хотя обещаете [NUM] мин. я на работу опаздываю из-за опозданий курьера. Сделайте возможность платной доставки при низком чеке. Давайте беречь нашу планету и думать об осознанном потреблении.",0,0,1,0,0,0,0,0
"Почти всегда приходят продукты не самые свежие, в том же Сбермаркете, например, всегда выбирают продукты со сроком годности не менее [NUM]% от оставшего срока годности.",0,0,0,0,1,0,0,0
Было бы здорово если заказ был с [NUM] рублей,0,0,0,1,0,0,0,0
Работаю в самокате компания самая лучшая,0,0,0,0,0,0,0,0
"доставка, к сожалению, долгая, ассортимент не очень большой и далеко не всегда есть то что хотелось бы заказать",1,0,1,0,0,0,0,0
Долгая доставка,0,0,1,0,0,0,0,0
"Все хорошо,только очень долгая доставка,сравнивая с другими сервисами",0,0,1,0,0,0,0,0
очень долго всегда,0,0,1,0,0,0,0,0
Постоянные опоздания,0,0,1,0,0,0,0,0
Уже который раз доставка долгая. Раньше вы были намного круче. Всегда успевали за [NUM] минут,0,0,1,0,0,0,0,0
Долгая доставка,0,0,1,0,0,0,0,0
Сроки не всегда соответствуют,0,0,0,0,1,0,0,0
"Поддержке вообще пофиг, если товар привезен не соответствующий. Если обещаете [NUM] минут это двухстороннее соглашение и вы его нарушаете не спрашивая нравится мне это или нет - уже по факту Мы задерживаемся. А вы самое главное не в пробках а на самокатах..",0,0,1,0,0,1,0,0
"не знаю, может я одна такая забывчивая, но у меня несколько раз было такое, что я заказывала на другой адрес из введенных. попробуйте сделать большое предупреждение перед заказом, чтобы удостовериться в верности адреса!",0,0,0,0,0,0,1,0
"Последнее время никогда не доставляют за [NUM] минут, служба поддержки никак с этим помочь не может, ну и ассортимент тоже можно увеличить",1,0,1,0,0,1,0,0
Чтобы не при [NUM]р можно было заказывать а хотябы при [NUM],0,0,0,1,0,0,0,0
"Была отличная доставка, но начали убирать привычные продукты и продавать свои за бешеную цену, а альтернативы нет, из-за этого перешла в лавку. Хотелось бы, чтоб вернули продукты и расширили ассортимент не своими позициями «самокат»",1,0,0,1,0,0,0,0
Шо так дорого,0,0,0,1,0,0,0,0
"Часто привозите продукты которые хранились некачественно и просто позарастаете за них деньги, приходится самой идти в магазин",0,0,0,0,1,0,0,0
"Хороший сервис , но столкнулся с проблемой отображения доставки на карте , адрес сам меняется и курьеры не могут меня найти . Также очень растроил ваш чат с поддержкой через телеграмм , мне так и не ответили",0,0,1,0,0,1,1,0
"Подходите для заказа разовых продуктов в момент «чего-то хочется». Продукты в большом кол-ве заказывать не выгодно. Приходят иногда испорченные продукты. Не потому что срок годности нарушен, а условия хранения, видимо.",0,0,0,1,1,0,0,0
"Если бы я не ждал последние несколько заказавов по [NUM]-[NUM] мин,то все было бы куда лучше!!!!",0,0,1,0,0,0,0,0
"ЗАКАЗ ВЕЗУТ [NUM].[NUM] , у вас все хорошо? НИКОГДА БОЛЬШЕ ЗАКАЗЫВАТЬ У ВАС НЕ БУДЕМ! Отвратительная работа службы поддержки и доставки!!!!",0,0,1,0,0,1,0,0
Плохо,0,0,0,0,0,0,0,0
Нормально,0,0,0,0,0,0,0,0
ПЛОХОЙ МАГАЗИН!!!!! ЦЕНЫ ОЧЕНЬ ВЫСОКИЕ! АССОРТИМЕНТ МАЛЕНЬКИЙ,1,0,0,1,0,0,0,0
"Нравится, доставка быстрая.",0,0,1,0,0,0,0,0
"Дальше больше , повысьте зарплату курьерам , они вам и делают бабки !",0,0,0,0,0,0,0,0
"Необходим индикатор, который будут показывать загруженность курьеров. Чтобы когда писали, что доставка [NUM] - было [NUM] минут, а не [NUM]-[NUM]. Это здесь необходимо",0,0,1,0,0,0,1,0
долго собираете и маленький ассортимент,1,0,1,0,0,0,0,0
топ,0,0,0,0,0,0,0,0
Есть над чем поработать,0,0,0,0,0,0,0,0
Пишите не правду что курьер будет через минуту на самом деле через [NUM] минут он приезжает,0,0,1,0,0,0,0,0
"опоздала на урок из-за задержки доставки, меня наругали, мне было грустно :( мама гулять теперь не отпустит, по физике еще два балла поставили(((((",0,0,1,0,0,0,0,0
"Очень долго доставляют, не всегда есть все необходимое, у конкурентов выбора больше и цены ниже",1,0,1,1,0,0,0,0
С каждым разом все дольше и дольше ждать курьера,0,0,1,0,0,0,0,0
Первое знакомство провал. Поддержка не работает. Сборка не смотрит сроки.,0,0,1,0,1,1,0,0
"Намного дольше доставка чем заявлена вами [NUM] минут !!! И заказ от [NUM] руб не удобен , когда нужна одна две позиции!",0,0,1,1,0,0,0,0
Horosho no mozhno luchse,0,0,0,0,0,0,0,0
Высокая минималка,0,0,0,1,0,0,0,0
"Служба поддержки не способна оказать даже малейшей консультации , хотелось бы компенсировать ошибки компании, особенно в тех случаях , когда заказ везут по [NUM] часа",0,0,1,0,0,1,0,0
"Ассортимент не большой , и цены выше средних цен в магазинах . Часто , овощи  и фрукты , не надлежащего качества",1,0,0,1,1,0,0,0
"раньше доставка была быстрее, а сейчас заказ те самые заявленные [NUM] минут только собирается",0,0,1,0,0,0,0,0
"С каждым заказом стали привозить продукты все хуже и хуже(например, фрукты,овощи), доставка стала дольше, чем заявлена",0,0,1,0,1,0,0,0
??,0,0,0,0,0,0,0,0
.,0,0,0,0,0,0,0,0
"Все очень круто,но мне ни разу не выпадал промокод на скидку",0,1,0,0,0,0,0,0
Че так долго?!!,0,0,1,0,0,0,0,0
Часто приносят просрочку,0,0,0,0,1,0,0,0
"Салат, что в заказе - есть невозможно! Хуже субстанции не видела.",0,0,0,0,1,0,0,0
Доставку не могут принести уже [NUM] минут,0,0,1,0,0,0,0,0
Увеличилось время доставки!,0,0,1,0,0,0,0,0
"Доставка от [NUM]??????????? Вы, извините меня, психи???????? Я умер тыкать на товары и искать их чтобы набрать товар на данную сумму!",0,0,0,1,0,0,1,0
Дороговато,0,0,0,1,0,0,0,0
Заявленные [NUM] минут не подтверждаются. Какой раз уже доставляют заказы почти по [NUM] минут.компенсации за ожидание никакой нет,0,0,1,0,0,1,0,0
Нужно доставлять быстрее,0,0,1,0,0,0,0,0
Отлично,0,0,0,0,0,0,0,0
"Доставка быстрая,что является огромным плюсом ,но маловато ассортимента.",1,0,1,0,0,0,0,0
"Часто продукты по качеству ниже нижнего: картофель гнилой, морковь - гнилая, яблоки прям максимально кислые. Цены выше, чем у других. Покупала том ям почти за [NUM] руб - хуже этого я ничего не пробовала. Доставщики. Отдельная песня. Сделайте им уже ключи!",0,0,1,1,1,0,0,0
"Все хорошо, но оплату можно сделать и наличными",0,0,0,0,0,0,0,1
"Неплохо, но могло быть получше)",0,0,0,0,0,0,0,0
Второй раз подряд задержка по доставке,0,0,1,0,0,0,0,0
"Ассортимент стал намного более скудным, при этом цены и минимальная стоимость заказа взлетели. Участились косяки с доставкой за час и более вместо [NUM] минут",1,0,1,1,0,0,0,0
На большинство товаров цены зашкаливают в [NUM] а то и в [NUM] раза. Хотелось бы увеличить радиус доставки. Очень удобное приложение и идеальный вариант когда у тебя совершенно нет ни миточки сходить в магазин.,0,0,1,1,0,0,1,0
Редко привозят заказ в срок,0,0,1,0,0,0,0,0
"Как и все, плавно задираете цены",0,0,0,1,0,0,0,0
"Быстро, но некоторые позиции очень дорогие, творог и йогурт от самокат не очень качественные, по вкусу во вкус вилл лучше. Ну и выпечка так себе. Нет вкусного хлеба и никогда не бывает любимых мармеладок от самокат, в целом сервис очень нравится, спасибо!",1,0,1,1,1,0,0,0
??,0,0,0,0,0,0,0,0
"Вы себя позиционируете как быстрая доставка. По крайней мере раньше так было. До [NUM] минут привозили заказы. А если опаздываете, то давали хоть какие-то промокоды. Сейчас я могу ждать свою доставку до [NUM],[NUM] часов. И никто не извинился!( Это не очень круто.",0,1,1,0,0,1,0,0
"Очень долгая доставка. Яндекс доставляет в [NUM]-[NUM] раза быстрее, поэтому чаще покупаю у них, хотя ассортимент у вас лучше.",1,0,1,0,0,0,0,0
"Постоянно заканчивается сыр (буратта, страчателла, мацарелла)и маленький ассортимент для вегетарианцев",1,0,0,0,0,0,0,0
"Ценник растёт, время доставки растёт, минимальная стоимость заказа растёт",0,0,1,1,0,0,0,0
Качества что от самокат не какого взял поп корм за микроволновой печи он без вкусный пустая трата денег до этого было молоко закисло за [NUM] дня а срок годности еще [NUM]д,0,0,0,0,1,0,0,0
"[NUM]. Моя жалоба никак не была рассмотрена, никакие действия не предприняты. [NUM]. Сумма мин заказа в [NUM] руб-перебор",0,0,0,1,0,1,0,0
Очень странно что заказать можно только от определ?нной суммы. Если у меня нет такой суммы денег то как мне тогда заказать себе еды,0,0,0,1,0,0,0,0
"Уже драно доставка занимает не [NUM] минут , хлеб все время не свежий привозят , качество продуктов и цена дороже чем в магазине",0,0,1,1,1,0,0,0
"[NUM] компенсация за испорченные фирменные продукты самокат !!![NUM] когда какого то продукта нет но ты узнаёшь об этом только после того когда принесли пакет я набрал на две тысячи продуктов из за одного молока который мне в итоге его и не положили что за бред",0,0,1,0,1,1,0,0
Последнее время хуже некуда,0,0,0,0,0,0,0,0
"Спасибо вам за такой сервис доставки! Пару раз, конечно, разбирали банки с соленьями, но в целом, все хорошо!",0,0,1,0,1,0,0,0
"Раньше было практически как в магазинах. Сейчас цены значительно выше. Лишний раз думаю перед тем заказывать у вас или сходить [NUM]м до магазина. Ассортимент хотелось бы больше, особенно местных продуктов. Очень часто бывает нет часто заказываемых товаров.",1,0,0,1,0,0,0,0
"Раньше было практически как в магазинах. Сейчас цены значительно выше. Лишний раз думаю перед тем заказывать у вас или сходить [NUM]м до магазина. Ассортимент хотелось бы больше, особенно местных продуктов. Очень часто бывает нет часто заказываемых товаров.",1,0,0,1,0,0,0,0
"Быстрая доставка всегда радует. Ассортимент можно чуть-чуть увеличить и добавить скидки и акции не только на первый заказ, но и для старых покупателей",1,1,0,1,0,0,0,0
"Постоянные опозд-я,отсутсв.клиент-ти.На замеч.не класть карт-ку с землей в общий пакет с прод. не реагируют.Кл-ты моют прод-ты от земли. Всем плевать на жалобы,отписки по шаблону.Вкусвилл везёт прод. столько же,цены адекватнее,клиент-ть на высоте.????????",0,0,1,1,1,1,0,0
Не мешало бы расширить ассортимент,1,0,0,0,0,0,0,0
Ещё один сбера заработак спекулянта,0,0,0,1,0,0,0,0
??????,0,0,0,0,0,0,0,0
"быстрая доставка, но оочень маленький ассортимент товаров. и нет алкоголя!",1,0,1,0,0,0,0,0
"Мало ассортимента, бывают слишком завышенные цены и самое главное - расстраивает то, что меняется сумма заказа и тратить [NUM] рублей, например, вместо [NUM] рублей не очень хочется.",1,0,0,1,0,0,0,0
"пишете, что доставка [NUM] минут, а по факту [NUM] минут. люблю ваш сервис и буду дальше заказывать, просто пишите реальное время доставки, пожалуйста!!!",0,0,1,0,0,0,0,0
"Вы большие молодцы! Мы вас очень любим! Но! Доставка теперь не [NUM] мин… а все [NUM] и более.. увы",0,0,1,0,0,0,0,0
Очень долго в последнее время собираются заказы и везутся !,0,0,1,0,0,0,0,0
"Доставка в [NUM]% занимает больше времени чем указано изначально.Ассортимент маленький,по сравнению в ЯндексЕдой.Из готовой продукции практически и нечего выбрать и дорого,нет комбо обедов.Товары по качеству [NUM]/[NUM]",1,0,1,1,1,0,0,0
"долго доставляют, но бесплатно зато! редко меняется ассортимент, готовая еда скудная в том числе",1,0,1,0,0,0,0,0
"Мало фишек из-за которых сюда хочется возвращаться, мало вариантов доставки, мало продукции и видов продукции",1,0,1,0,0,0,0,0
Долго везете заказ!!! Можно умереть,0,0,1,0,0,0,0,0
"Часто задерживаются, бывают проблемы с качеством товара.",0,0,1,0,1,0,0,0
Хорош,0,0,0,0,0,0,0,0
.,0,0,0,0,0,0,0,0
Очень много заказов и очень мало курьеров,0,0,1,0,0,0,0,0
Следует улучшить скорость доставки,0,0,1,0,0,0,0,0
"За [NUM],как будто чек в кафе каком-то,а по факту [NUM]",0,0,0,1,0,0,0,0
"Очень долгая доставка. Бывает доставляете больше часа. Тот же Сбермаркет доставляет быстрее, хотя в пример его никогда не ставил.",0,0,1,0,0,0,0,0
"За все время самокат был хорошим предложением, но качество меня не устроило, один раз мне вообще пришел тухлый кокос..",0,0,0,0,1,0,0,0
Удобные сервис быстрой доставки. Не очень удобный каталог товаров. Продукты не всегда свежие,0,0,1,0,1,0,1,0
"Очень часто привозят некачественный товар , при общении по телефону грубят, когда звонят из даркстора.",0,0,0,0,1,1,0,0
Часто товар плохого качества и долгая доставка.,0,0,1,0,1,0,0,0
Очень долго жду заказ,0,0,1,0,0,0,0,0
Привет,0,0,0,0,0,0,0,0
постоянные установки цен под [NUM] рублей,0,0,0,1,0,0,0,0
"Сделайте уже наконец, чтоб было видно, есть ли свободные курьеры, а не так, что на вас надеешься, ибо времени мало, а в итоге опаздываешь во всюду и ничего не приезжает????",0,0,1,0,0,0,1,0
доставка задерживается,0,0,1,0,0,0,0,0
"Всё отлично, но иногда качество не очень",0,0,0,0,1,0,0,0
"Долгая доставка , всегда.",0,0,1,0,0,0,0,0
"Совсем не [NUM] минут , а [NUM]!",0,0,1,0,0,0,0,0
"Курьер сегодня везет заказ уже больше часа, при этом не предупредили. Товар уже и не нужен так поздно. Приходится сидеть и ждать его в [NUM] часа ночи. В целом, цены на многие продукты выше рыночных. Поиск и навигация отличная.",0,0,1,1,0,0,1,0
Курьеры часто задерживаются,0,0,1,0,0,0,0,0
мяу,0,0,0,0,0,0,0,0
.,0,0,0,0,0,0,0,0
"В последнее время составы продуктов от Самоката, которые раньше были из натуральных ингредиентов, ухудштлось. Много консервантов, вместо масла везде маргарин.",0,0,0,0,1,0,0,0
"Не корректно указывается время, через сколько прибудет курьер. Когда заказываю еду на работу, я специально спускаюсь ко входу за пару минут до прибытия, но жду в итоге минут по [NUM]-[NUM].",0,0,1,0,0,0,0,0
"ОЧЕНЬ И ОЧЕНЬ ДОЛГО ДОСТАВЛЯЕТЕ. Раньше было [NUM]-[NUM] минут, сейчас же [NUM]-[NUM] минут. Деливери и Яндекс еда так же доставляет и ассортимент больше",1,0,1,0,0,0,0,0
"Удобно, конечно, что курьер приезжает в течение [NUM] мин. (За [NUM] минут ко мне приезжали). Многие продукты гораздо дороже, чем в магазинах. Товары для животных имеют большую наценку. Вода питьевая дороже, чем в аналогичном сервисе в сбермаркете",0,0,1,1,0,0,0,0
Очень долгая доставка стала,0,0,1,0,0,0,0,0
"Очень большие цены (х[NUM] от цен в магазине). Ассортимент не такой большой, как хотелось бы. Не приветливые курьеры, которые портят мнение о компании. Которые, бывает, путают что то",1,0,1,1,0,0,0,0
"Хотелось бы, чтобы цены были ниже. Тогда и заказывали бы у вас намного чаще. В магазинах все намного дешевле",0,0,0,1,0,0,0,0
"Сложный поиск товаров. Товар одной категории может находиться в разных разделах. Многих товаров нет в наличии.",1,0,0,0,0,0,1,0
"Уже час ждем. Центр города. Что происходит?",0,0,1,0,0,0,0,0
"Прошла вашу игру в словарик, в итоге промокод не применяется, телефон купила с рук, промокод на первый заказ не применился, потому что ранее на этом устройстве был самокат, в общем хрень какая то на других сервисах такого нет",0,1,0,0,0,1,0,0
"Всё ок, но иногда что-то дорого.",0,0,0,1,0,0,0,0
"часто задерживается доставка, несколько раз привозили испорченные продукты",0,0,1,0,1,0,0,0
Так себе,0,0,0,0,0,0,0,0
Дорого,0,0,0,1,0,0,0,0
Пиздец,0,0,0,0,0,0,0,0
"Все хорошо, но в заказе была морковка пропавшая кислая",0,0,0,0,1,0,0,0
"Время [NUM] минут, сейчас полчаса. В чем тогда разница от других приложений?? Самокат выбирали за скорость, сейчас беспонтово все стало.",0,0,1,0,0,0,0,0
"Время доставки, постоянно превышает указанное.",0,0,1,0,0,0,0,0
"Делаю заказы почти каждый день. Хотелось бы получать больше бонусов скидок. Так же, я бы рекомендовал добавить уровни зрелости фруктов и овощей. Понятно, что это сложно, но... Бананы (зелёные / с точками), авокадо (твёрдое/мягкое) и тд.",0,1,0,0,1,0,0,0
"Доставка стала оставлять желать лучшего. Зачастую заказ ждешь по [NUM] минут.",0,0,1,0,0,0,0,0
"слишком высокая стартовая цена и маленький ассортимент продуктов",1,0,0,1,0,0,0,0
"В последнее время самокат стал все хуже работать, причем во всех смыслах (доставка, продукты, служба поддержки) Очень жаль, хорошее было начало",0,0,1,0,1,1,0,0
Самокат стал очень дорогим!!!,0,0,0,1,0,0,0,0
"Все супер, за исключением цен. Вы рискуете разные цены практически каждый день и это смешно выглядит со стороны. Например адреналин к вам стоил [NUM]?, на след день вы рисуете ему скидку мол он стоил [NUM] или сколько там и по скидке [NUM]. Это глупо",0,1,0,1,0,0,0,0
"Очень долго ищите курьера, иногда заказ можно ждать час. За это время можно сварить старые пельмени из морозилки и отменить заказ, чем ждать.",0,0,1,0,0,0,0,0
Всегда доставляют больше [NUM] минут,0,0,1,0,0,0,0,0
Вечно виснет,0,0,0,0,0,0,0,1
Частенько привозят заказы после получаса,0,0,1,0,0,0,0,0
"Здравствуйте, очень долго доставляете доставку!",0,0,1,0,0,0,0,0
"В последнее время ухудшилось качество продуктов. Присылают с маленьким сроком годности. С последнего, что запомнилось [NUM] штук яиц - срок годности заканчивается через [NUM] дня. Это не нормально",0,0,0,0,1,0,0,0
Нечего хорошего,0,0,0,0,0,0,0,0
"Очень мало позиций и часто нет нужно товара а так же доставка очень долгая",1,0,1,0,0,0,0,0
Задержка в заказе,0,0,1,0,0,0,0,0
"Длительность доставки. Товары, как минимум не те, что есть в перекрёстке, пятёрочку.",1,0,1,0,0,0,0,0
Готово,0,0,0,0,0,0,0,0
В последнее время доставка очень долго,0,0,1,0,0,0,0,0
"Всё отлично, но не хватает функции просмотра месторождения курьера во время доставки. Также было бы приятно, если бы курьеры читали комментарии к адресу.",0,0,1,0,0,0,1,0
"В последний месяцы доставка дольше , чем из Яндекс. Хотя даркстор в соседнем доме от меня.",0,0,1,0,0,0,0,0
"Доставка должна быть [NUM] минут хотя по факту все [NUM]-[NUM]",0,0,1,0,0,0,0,0
Контроль качества при сборке оставляет желать лучшего,0,0,0,0,1,0,0,0
"При задержке доставки не предоставляется номер курьера, даже по многочисленным просьбам",0,0,1,0,0,1,0,0
"Все хорошо, но привозят и просроченные товары, и фрукты неважного качества!!!",0,0,0,0,1,0,0,0
Дороговато,0,0,0,1,0,0,0,0
"Почему-то пропала кнопка оставить у дверей, хотя с ней было удобнее!",0,0,0,0,0,0,1,0
"Очень долго доставляют продукты, еще и задерживают часто",0,0,1,0,0,0,0,0
"Очень бы хотелось видеть отзывы других покупателей на товар.очень многое ""страшно"" пробовать без отзывов",1,0,0,0,0,0,1,0
"Уже не [NUM] минут, а дольше",0,0,1,0,0,0,0,0
"Бывает такое, что на фото продукт выглядит  хорошо, а в жизни наоборот, так же калорийность указана не везде правильно, и бжу тоже! Ну и конечно цены, иногда выгоднее сходить в магазин и потратить время на ходьбу, чем деньги на некоторые продукты!",0,0,0,1,1,0,1,0
"Здравствуйте! Очень волнует качество продуктов. Несколько раз, почти каждый раз, как только решусь у вас заказать овощи/фрукты, они оказываются гнилыми и протухшими. Последний раз доставили гнилые огурцы. Ужасная сборка продуктов и куда смотрят сборщики.",0,0,0,0,1,0,0,0
"Доставка всегда дольше заявленных [NUM] минут, зачем писать время, которое не соблюдается",0,0,1,0,0,1,0,0
"Нужно уменьшить цены! На свежие овощи и фрукты! Яйца и молоко.",0,0,0,1,1,0,0,0
Збс но раньше было лучше,0,0,0,0,0,0,0,0
"Все конечно классно, но вы постоянно опаздываете…",0,0,1,0,0,0,0,0
"Почти в [NUM]% случаев скоропортящийся товар приезжает с вот-вот подошедшим к окончанию срока годности, либо уже с  закончившимся сроком??",0,0,0,0,1,0,0,0
"Пишите одно время доставки а привозите дольше, продукты не очень хорошего качества",0,0,1,0,1,0,0,0
"Все хорошо но бывают нарушены условия хранения так как срок в порядке, а продукт кислый. Это касается молочки и салатов . Ягоды иногда бывают вялые. Круасаны очень вкусные свежие",0,0,0,0,1,0,0,0
"У нас самокат под окнами, можно было бы сделать для тех кто рядом со складом минимальную сумму заказа не такой высокой. Спасибо",0,0,0,1,0,0,0,0
Продолжительная доставка,0,0,1,0,0,0,0,0
"Продукты с истекающим день в день заказа сроком годности лучше утилизировать!!!",0,0,0,0,1,0,0,0
Все гуд,0,0,0,0,0,0,0,0
"Часто порченные продукты ! Опаздывают курьеры !",0,0,1,0,1,0,0,0
Привозят испорченные продукты с отвратительным запахом.,0,0,0,0,1,0,0,0
Круто выглядишь,0,0,0,0,0,0,0,0
Круто выглядишь,0,0,0,0,0,0,0,0
??,0,0,0,0,0,0,0,0
плохая доставка часто привозят не твой заказ либо задерживаются на пол часа-час,0,0,1,0,0,1,0,0
Последняя доставка очень долгая. При этом ни одного оповещения от вас,0,0,1,0,0,0,0,0
Приложение худшее из худших. Наймите тестировщиков.,0,0,0,0,0,0,1,0
Да,0,0,0,0,0,0,0,0
"Все было бы прям замечательно если бы в какие то моменты не привозили испорченные товары, к курьерами притензий никаких нет доставляют все во время им отдельное спасибо))",0,0,0,0,1,0,0,0
"Каждая вторая Доставка чуть ли в [NUM]раза задерживается по времени. Если пишет [NUM] минут, то привезут через [NUM]. В целом ничего страшного, на зачем писать [NUM] минут, если после этого продает хотябы ориентир по времени. «Курьер уже спешит к вам» и гадай сколько(",0,0,1,0,0,0,0,0
Все нормально,0,0,0,0,0,0,0,0
"Раньше был лучше сервис: акции, доставка, цены. Товаров сейчас больше, но че толку за такие деньги))) да и курьеры у вас конкретно изменились. Те, кто умеет четко и ясно говорить по-русски, отказываются работать за вашу зп?))а вот цены на вещи стали выше)",1,1,1,1,0,0,0,0
"Плохо, дорого и не свежее",0,0,0,1,1,0,0,0
"Последний раз очень огорчили меня тем, что в заказе привезли продукты, у которых заканчивался срок годности на следующий день. После этого и осадок остался неприятный и доверие упало. Хотелось бы получать свежие продукты.",0,0,0,0,1,0,0,0
"Доставка рассчитана не правильно. Курьеры иногда не понимают русский язык,сложно объяснять",0,0,1,0,0,0,0,0
Когда нужно что-то купить а заказ от определенной суммы это очень раздражает,0,0,0,1,0,0,0,0
"Очень медленно работаете, доставку ждать приходится больше получаса, хотя пункт самокат в соседнем доме",0,0,1,0,0,0,0,0
"Маленький ассортимент в доставке, есть одно, два других нет.. И так ломаешь голову где же заказвть так что бы в одном месте и было все,что нужно.. Увы это не про вас.Раздел специи. Выбора почти нет! Ну и цены ,конечно же выше, чем у других сетей.",1,0,0,1,0,0,0,0
"Я последние время, я несколько раз заказывал от вас , но ждал очень долго !, иногда [NUM]:[NUM] часа и иногда больше , всегда написал в поддержке и просто ответь ( много заказов у нас) , поэтому перестал заказать",0,0,1,0,0,1,0,0
"Приложение глючит, сумма минимального заказа иногда завышена , курьеры неопрятные",0,0,1,1,0,0,1,0
Вы хорошие,0,0,0,0,0,0,0,0
Черешня вся гнилая!!!!,0,0,0,0,1,0,0,0
"Развития и улыбок вам, а нам больше скидок!",0,1,0,0,0,0,0,0
"Т.к. заказываю часто, хотелось бы увеличить ассортимент. Отдельная благодарность за рецепты<[NUM]",1,0,0,0,0,0,0,0
"Долгая доставка, кушать хочется",0,0,1,0,0,0,0,0
Ничего хорошего,0,0,0,0,0,0,0,0
Качество оставляет желать лучшего,0,0,0,0,1,0,0,0
Неплохой старт там но нужно развиваться и пока есть интересные предложения вы можете их рассмотреть,0,0,0,0,0,0,0,0
Хочется большего ассортимента,1,0,0,0,0,0,0,0
Очень долгая доставка,0,0,1,0,0,0,0,0
"Очень долго, о никаких [NUM] минут даже речи не может быть. Ужас",0,0,1,0,0,0,0,0
"Сервис отвратительный. Оплатила заказ, ждала полчаса, написали, что курьер задерживается, а потом просто в приложении увидела отметку, что заказ отменен. Позвонила,- сказали, что курьер отменил заказ, тк не может проехать. Вообще бред. Деньги не вернули",0,0,1,0,0,1,0,1
"Местами дорого, чем в других доставках, особенно на фрукты",0,0,0,1,0,0,0,0
"В целом удобный сервис, но несколько раз привозили просроченнный товар и вот сегодня привезли помидоры черри вывалившиеся и сгнившие, это конечно треш.",0,0,0,0,1,0,0,0
В последнее время доставка по заказам увеличена с [NUM]м до [NUM]м. Нет понимания точного времени прибытия курьера,0,0,1,0,0,0,1,0
"Очень долго висит заказ на этапе «принят, скоро начнём собирать»",0,0,1,0,0,0,0,0
Пусть курьеры читают комментарии к заказу,0,0,1,0,0,0,0,0
"Быстрая доставка. Чаще вежливые курьеры. Периодически очень завышенная цена.",0,0,1,1,0,0,0,0
"Очень долгая доставка, качество товаров стало хуже",0,0,1,0,1,0,0,0
Курьеры тормоза,0,0,1,0,0,0,0,0
Верните Шадринскую минералку,1,0,0,0,0,0,0,0
В последнее время стало хуже с доставкой.,0,0,1,0,0,0,0,0
"Доставка бывает так и за [NUM]-[NUM] минут, так и [NUM] минут",0,0,1,0,0,0,0,0
"Все хорошо но цены бешенные:(  А мы простые люди не богачи",0,0,0,1,0,0,0,0
Очень долго везут заказ,0,0,1,0,0,0,0,0
Очень долго,0,0,1,0,0,0,0,0
"Цены выше обычного. Плюс ассортимент очень узкий. В грибах вообще нет выбора. Зелень всегда не свежая",1,0,0,1,1,0,0,0
"Хотела бы блюда для веганов без химии. Это прям очень. Второе, Не понятны ваши предложения в виде скидки от стоимости заказа. Указано, к примеру, больше [NUM] скидка, добавляю до этой суммы, скидок обещанных нет, только в плюс идет один круассан с -[NUM]%.",1,1,0,0,1,0,0,0
"Очень долгая доставка, хотя указано [NUM] минут",0,0,1,0,0,0,0,0
"Раньше быстрее доставляли продукты, качество было выше, цены адекватнее. Сейчас часто задерживают заказы, не знаю, по вине ли курьеров, но факт есть. Почти нет акций.",0,1,1,1,1,0,0,0
Батон не первой свежести,0,0,0,0,1,0,0,0
"Стали чаще и чаще приходить порченные продукты-капуста в пакетах, яблоки, авокадо, томаты, огурцы.",0,0,0,0,1,0,0,0
"Минимальная сумма заказа меняется на глазах. Не успеваешь её набрать, как она снова вырастает, и так по несколько раз",0,0,0,1,0,0,0,0
"Курьер уже на [NUM] мин опаздывает,да нахер ваш сервис!",0,0,1,0,0,0,0,0
Побольше новых продуктов не хватает,1,0,0,0,0,0,0,0
"Очень долгая стала доставка,  цены слишком завышены. Есть куча аналогов с оптимальной ценовой политикой и качеством товаров. Видимо нужно как то рекламу оплачивать. В рекламу вложились-цены подняли-покупателей распугали??",0,0,1,1,0,0,0,0
Переодически путаница с заказами и долгой доставкой,0,0,1,0,0,1,0,0
все время доставка задерживается минус всегда за это,0,0,1,0,0,0,0,0
"супер приложение, но это условие в доставке от [NUM] рублей расстраивает",0,0,0,1,0,0,1,0
Очень долгая доставка,0,0,1,0,0,0,0,0
"Цены, даже с учетом скидки выше чем в других магазинах",0,1,0,1,0,0,0,0
"Когда делаешь заказ поздно вечером привозят товар с последним сроком годности, т.е. уже завтра товар можно выкинуть",0,0,0,0,1,0,0,0
Норм,0,0,0,0,0,0,0,0
Хуета,0,0,0,0,0,0,0,0
"круто, но не всегда",0,0,0,0,0,0,0,0
Очень долго стали доставлять заказ,0,0,1,0,0,0,0,0
В принципе всё норм),0,0,0,0,0,0,0,0
"Опаздывают заказы постоянно, лучше пишите что приедет за [NUM] минут и привозите за [NUM], чем писать [NUM] минут и привозить за [NUM]-[NUM]",0,0,1,0,0,0,0,0
Долго доставляете ??,0,0,1,0,0,0,0,0
"Бывает задержка доставки, что не радует.",0,0,1,0,0,0,0,0
идите нахуй,0,0,0,0,0,0,0,0
"Продукты часто приезжают скисшие, за опоздания курьеров нет никаких скидок и промокодов! Если вы позиционируете себя, как быстрая доставка, будьте любезны работать над сервисом",0,1,1,0,1,0,0,0
"Удобный сервис, но дорогие продукты",0,0,0,1,0,0,0,0
"Цены завышены, но быстрая доставка это большой плюс. Ассортимент товаров маловат.",1,0,1,1,0,0,0,0
"Все хорошо, но очень маленький ассортимент и цены космос",1,0,0,1,0,0,0,0
Подняли цены на доставку была бесплатна щас платно!!!,0,0,0,1,0,0,0,0
"Очень долгая доставка ,не всегда свежие продукты,высокие цены",0,0,1,1,1,0,0,0
"Очень удобный и быстрый сервис. На работу всегда привозите за [NUM] минут. Но ассортимент оставляет желать лучшего. Когда заказываешь каждый день, одно и тоже надоедает.",1,0,1,0,0,0,0,0
.,0,0,0,0,0,0,0,0
"Крутой сервис и быстрая доставка, но очень высокие цены",0,0,1,1,0,0,0,0
"Курьеры гавно, поддержка тоже похую",0,0,1,0,0,1,0,0
Долго слишком,0,0,1,0,0,0,0,0
"Всегда когда надо быстро - задержка, когда быстро не надо - привозят мгновенно …",0,0,1,0,0,0,0,0
"Скорость зачастую отличная, цены слишком высокие, не хватает раздела, где можно подряд ленту со всеми товарами листать",0,0,1,1,0,0,1,0
"[NUM]. Часто привозят просроченные продукты, это прям минус. Было время, когда я перестала заказывать что-то готовое, боясь увидеть там плесень [NUM]. Время доставки хотелось бы уменьшить",0,0,1,0,1,0,0,0
"Прикольно, что можно заказывать еду домой. Да конечно большой ассортимент, но все равно всегда чего-то не хватает и очень быстро заканчиваются определенные позиции. По доставке нет претензий, всегда приезжают вовремя, вежливые)",1,0,0,0,0,0,0,0
"Я прошла игру, мне дали промокод на [NUM] процентов на покупку от [NUM] рублей, я попыталась применить его на сумму [NUM], и программа написала мне что я и так выбрала позиции со скидками, но в условиях не было прописано",0,1,0,0,0,0,0,0
В последнее время очень долго всегда,0,0,1,0,0,0,0,0
Нормально,0,0,0,0,0,0,0,0
"Стало долгое время доставки.Раньше заказывали из Яндекс лавки,но из-за времени доставки стали тут,сейчас уже ничем не выигрывает.Небольшой ассортимент",1,0,1,0,0,0,0,0
"Качество товара реально бывает ужасное,то вонючий плов пластмассой вонял, то продырявленный грязный флакон со средством. Люблю самокат за то , что быстрая доставка , курьеры всегда вежливые . Но товар это просто пизлец . Зачем вы ограничили количество бук",0,0,1,0,1,0,0,0
"очень долго стали приезжать заказы! выбираю вас в основном из за быстроты, но вы очень очень сильно стали подводить! видимо, лозунг - [NUM] минут не про вас, от [NUM] минут - да, плохой маркетинговый ход. теряете клиентуру.",0,0,1,0,0,0,0,0
"Очень долгая доставка. Всегда. [NUM] минут никогда не было. Пол часа в среднем. Оооочень долго",0,0,1,0,0,0,0,0
"Мало товаров. И «скидки» на товары, стоимость которых в магните такая же как без скидки",1,1,0,1,0,0,0,0
У меня нет времени думать о ебучем самокате,0,0,0,0,0,0,0,0
Последнее время достаточная система очень плохо работает.по началу всё было отлично,0,0,1,0,0,0,0,0
Готовая еда вся не вкусная,0,0,0,0,1,0,0,0
"Все вроде бы нормально. Но иногда качество продуктов оставляет желать лучшего.",0,0,0,0,1,0,0,0
"Думаю, что вы ужасно испортились. Заказ за [NUM] минут доставляют в одном случае из [NUM], часто заказываю зелень, она пожухлая и желтая почти всегда.",0,0,1,0,1,0,0,0
С чего по часу доставка?!,0,0,1,0,0,0,0,0
"Обещаете, что за [NUM] минут доставите, но за [NUM] минут она в [NUM]х случаях из [NUM].",0,0,1,0,0,0,0,0
"В последнее время, доставка очень плоха, то задержатся, то не то привезут, в поддержке толку [NUM]",0,0,1,0,1,1,0,0
"Пишут [NUM] мин, а по факту сегодня почти час уже едут",0,0,1,0,0,0,0,0
Likeee! ???????,0,0,0,0,0,0,0,0
Делайте меньше сумму минимального платежа,0,0,0,1,0,0,0,0
"Стартовая страница очень загружена ,хотелось видеть классическое разделение на категории ,а дальше уже скидки и все рекламы",0,0,0,0,0,0,1,0
"Очень удобно, доставку бы быстрее",0,0,1,0,0,0,0,0
иногда бывают проблемы с доставкой и по непонятным причинам увеличивается стоимость от которой можно сделать заказ,0,0,1,1,0,0,0,0
Работаю норм,0,0,0,0,0,0,0,0
"Не очень удобное приложение,не интуитивно понятно,где искать тот или иной товар.",0,0,0,0,0,0,1,0
"Очень долго производят доставку, возможно, недостаточно курьеров. Но если Яндекс лавку я знаю, что буду ждать около [NUM] минут, то тут все может сильно задержаться",0,0,1,0,0,0,0,0
"Очень нравится ассортимент и быстрые доставки, но качество сборки оставляет желать лучшего. Уже много раз нам привозили не наш заказ или в заказе не было некоторых позиций. Через службу поддержки вопросы решались, но доставка в итоге очень долгая/не вся",1,0,1,0,0,1,0,0
"Доставка обычно дольше обещанного времени. Многие цены дороже, чем в других магазинах",0,0,1,1,0,0,0,0
"Я в ахуе, почему так долго я успеваю сходить в туалет и по большому, полы помыть и поиграться с ежиком.",0,0,1,0,0,0,0,0
Очень долгая доставка,0,0,1,0,0,0,0,0
"Заказы иногда везут очень долго(в приложени написано, что через пару минут курьер уже уже у меня, а по факту я сижу and жду ещё [NUM] минут)",0,0,1,0,0,0,0,0
Норм,0,0,0,0,0,0,0,0
Неплохо бы добавить промокодов для старых пользователей))),0,1,0,0,0,0,0,0
"Молочная продукция с исходящим сроком годности, неоднократно привозили не самые свежие продукты",0,0,0,0,1,0,0,0
"У каждого почему-то разная минимальная сумма для бесплатной доставки, хотя в рекламе транслируется, что она бесплатная всегда.",0,0,1,1,0,0,0,0
"Сервис был учень удобен, без увеличения суммы минимального заказа. Я трачу около [NUM] минут на выбор продуктов, а по итогу не могу сделать заказ, потому что за это время сумма минимального заказа снова выросла. Из-за этого я перехожу на другие сервисы.",0,0,0,1,0,0,1,0
"Однажды мне везли заказ [NUM],[NUM] часа, вместо обещанных [NUM] минут. Поддержка не отвечала ни в телеграме,ни по телефону.Никто не извинился за такую задержку. нужно уведомлять клиента хоть как-то. В приложении статус не менялся тоже.",0,0,1,0,0,1,1,0
"Вы очень классные,желаю вам дальше развиваться,но не могли ли вы сделать так что бы заказ был не от какой то суммы либо же от [NUM] рублей в независимости от времени)",0,0,0,1,0,0,0,0
Раньше доставка была быстрее. Сейчас может ехать очень долго . Почти всегда задерживается .,0,0,1,0,0,0,0,0
Опаздывает доставка часто,0,0,1,0,0,0,0,0
"У меня сменился телефон ! И теперь вы обязываете меня заводить новый аккаунт с потеряй всех покупок , бонусов и привилегий",0,0,0,0,0,1,0,0
Долго,0,0,1,0,0,0,0,0
"Ягоды и в целом фрукты стали ужасными,не зависимо от адреса доставки,раньше качество всех товаров было гораздо лучше.Цены стали во много раз дороже чем у аналогичных сервисов, на единицу товара приходится по[NUM]-[NUM]рублей разлета цен.Коллеги перешли на ВВ",0,0,0,1,1,0,0,0
Почему можно заказывать только от определенной цены? Почему тут прям дорого…,0,0,0,1,0,0,0,0
Вы крутой магазин,0,0,0,0,0,0,0,0
Эксплуатируете курьеров без достойной оплаты,0,0,1,0,0,0,0,0
"Очень удобный сервис!Изначально были в восторге,от скорости доставки, качества продукта, стоимости.Заказывали доставку ежедневно.Сейчас реже пользуемся, задерживается, высокая стоимость, и исчезли скидки за опоздание,и чаще привозят некачественный продукт",0,1,1,1,1,0,0,0
"Прекрасное приложение, однако порой вместо [NUM] минут приходится ждать полчаса",0,0,1,0,0,0,0,0
"Овощи и фрукты на складах несвежие, привозили пожухлые, некоторые йогурты со сроком годности практически истекающие через пару дней, так не годится",0,0,0,0,1,0,0,0
заказ раньше от [NUM]р был,0,0,0,1,0,0,0,0
"Раз через раз приезжает более менее товар, в частности свыше [NUM] минут жду, да и иногда по часу",0,0,1,0,1,0,0,0
"Нравится быстрая доставка, но вот качество мясных и готовых продуктов оставляет желать лучше. Интересный ассортимент, но, к сожалению, быстро расходятся позиции и ничего не остаётся( скидки по промокоду никогда не проходят в приложении(",1,1,1,0,1,0,0,0
Отвратительно постоянно меняется стоимость корзины захожу заказ от [NUM] набираю на эту сумму выхожу на оплату а там уже от [NUM]. Это вообще не красиво и не правильно,0,0,0,1,0,0,1,0
"Заявлена доставка за [NUM]-[NUM] минут, но доставляют за +- [NUM],[NUM] часа",0,0,1,0,0,0,0,0
"Я работаю в самокате, повысьте зарплату",0,0,0,0,0,0,0,0
"Я думаю вы компания обманщиков, так как регулярная цена ничем не отличается от цены со скидкой. Вы кого обмануть пытаетесь???? А ещё мне ни разу не привезли сегодняшний хлеб, он всегда вчерашний или позавчерашний даже если я в комментариях прошу об этом.",0,1,0,1,1,0,0,0
Долго везете. Заказываю только из-за сроков доставки. В последнее время ваши [NUM] минут превращаются в [NUM]-[NUM]. Больше заказывать не буду.,0,0,1,0,0,0,0,0
"Очень много ошибок в составах продуктов. Поддержка долго отвечает. Разнообразный ассортимент. Есть продукты, которые у нас в городе нигде не купишь, кроме Самоката",1,0,0,0,1,1,0,0
"Очень дорого, ассортимент ужасно скудный. Всегда высокий спрос и надо набирать на [NUM] и больше, а тут уже смысл пропадает, можно заказать в магните",1,0,0,1,0,0,0,0
"Заказываю только когда нет возможности выйти или когда нужно что-то очень быстро.Если бы ассортимент был более разнообразным, то я бы заказывала намного чаще.",1,0,1,0,0,0,0,0
Очень тяжело сделать заказ,0,0,0,0,0,0,1,0
Постоянно опаздывает щаказ,0,0,1,0,0,0,0,0
"Шикарный сервис, но барьер в [NUM]? часто мешает покупать, было бы отлично снизить хотя-бы до [NUM], а в идеале до [NUM]",0,0,0,1,0,0,0,0
"В целом ок , но часто порченное и не свежее.",0,0,0,0,1,0,0,0
"Если бы, курьеры, приезжали по назначеному времени, то всё было бы хорошо. И если бы, самокат не накручивал цены в двое",0,0,1,1,0,0,0,0
Самокат лучшие,0,0,0,0,0,0,0,0
Верните состав прежний состав своей продукции (без Е-шек),0,0,0,0,1,0,0,0
"Доставка очень медленная, медленнее, чем обещается",0,0,1,0,0,0,0,0
часто задерживаетесь,0,0,1,0,0,0,0,0
Кашмар,0,0,0,0,0,0,0,0
"Не соответствуете тому что заявляете в рекламе,несколько раз доставку задерживали на продолжительное количество времени,если вы себя позиционируете как доставка «до [NUM] минут»,будьте добры выполнять это! Ну а то что покупателям часто подсовывают несвежие",0,0,1,0,1,0,0,0
Ненормально привозить продукты чей срок годности истекает через день-два,0,0,0,0,1,0,0,0
"Маленький выбор товара, неудобные разделы, постоянные задержки с доставкой, и вечно лагающее приложение.",1,0,1,0,0,0,1,0
Класс,0,0,0,0,0,0,0,0
"не радует изменение цены, с которой начинается доставка",0,0,0,1,0,0,0,0
Оооочень частые опоздания и задержки,0,0,1,0,0,0,0,0
"Поддержка отвечает медленно, доставка не соответствует указанным интервалам, применение скидок вообще почти невозможно самостоятельно высчитать. А обман с ""промокодами внутри"", которых нет - ну, это просто трэш.",0,1,1,0,0,1,0,0
Время ожидания не соответствует,0,0,1,0,0,0,0,0
В последнее время очень долгая доставка,0,0,1,0,0,0,0,0
Не всегда вежливые курьеры,0,0,1,0,0,0,0,0
"Стала очень долгая сборка и доставка. Раньше были обещанные [NUM] минут, а теперь можно около получаса ждать, таким темпами я и сама в магазин могу спуститься.",0,0,1,0,0,0,0,0
"Очень долго все, фрукты и овощи не свежие",0,0,1,0,1,0,0,0
Иногда заказы привозят с большим опозданием.,0,0,1,0,0,0,0,0
"В указанный срок [NUM] минут приезжает [NUM] заказ из [NUM]. Техподдержка уже [NUM] год говорит одно и то же: расширяем штат курьеров. Но ситуация не меняется. К самим курьерам нет вопросов и претензий, а только маркетологам, которые придумают неоправданные слоганы",0,0,1,0,0,1,0,0
"Ассортимент за время работы сильно уменьшился, у продукции от самоката нет конкурентов, а она зачастую недешевая. Пришлось отказываться от удобного сервиса в пользу магазинов с большим ассортиментом, увы(",1,0,0,1,0,0,0,0
"Очень долгая доставка. За опоздание курьера никаких бонусов «извините», или что то в этом духе. Складывается впечатления что вам плевать на клиентов",0,0,1,0,0,1,0,0
Продукты самокат не очень вкусные,0,0,0,0,1,0,0,0
"Ну вы такие, иногда хорошие, а иногда я жду свою водичку час и плачу",0,0,1,1,0,0,0,0
"Все супер, но к сожалению появилась доставка от определенной суммы",0,0,1,1,0,0,0,0
Больше лояльности и приятных бонусов клиентам которые каждый день что-то у вас покупают,0,1,0,0,0,0,0,0
"Заказ висит уже [NUM] минут на моменте оплате. На карте есть деньги, выключен впн и стабильный интернет",0,0,0,0,0,0,0,1
Плохая поддержка,0,0,0,0,0,1,0,0
"Цены на некоторые товары очень завышены, хотя причин для этого нет",0,0,0,1,0,0,0,0
Малый радиус доставки. Нет никакого расширения,0,0,1,0,0,0,0,0
Быстро,0,0,1,0,0,0,0,0
"Сидеть и более часа ждать заказ, это уже слишком!",0,0,1,0,0,0,0,0
"Удобно, быстро. Не хватает больше продуктов с этикеткой ""самокат"", они классные",1,0,1,0,0,0,0,0
[PHONE]:[NUM]:[NUM],0,0,0,0,0,0,0,0
"Быстрая доставка, очень выручает!",0,0,1,0,0,0,0,0
"Качественные товары, быстрая доставка",0,0,1,0,1,0,0,0
"Готовые блюда [NUM]-[NUM]-дневной давности. Хлеб постоянно привозят вчерашний. Салаты с соусами все потёкшие, видно что им точно неколько дней.",0,0,0,0,1,0,0,0
БЛЯ Я ОБОСРАЛСЯ,0,0,0,0,0,0,0,0
Малый ассортимент,1,0,0,0,0,0,0,0
"Некоторый товар изначально не свежий, допустим Красную икру не покупаю в самокате совсем, потому что есть невозможно её. Бывает, приходит товар со сроком годности до завтра.",0,0,0,0,1,0,0,0
"В целом хорошо, но часто доставляют продукты срок годности которых вот вот истечет",0,0,1,0,1,0,0,0
"дорого, но со вкусом",0,0,0,1,1,0,0,0
Да,0,0,0,0,0,0,0,0
"Товар привозят всегда под конец срока годности. Свежего не привозят никогда. Привезли сегодня лапшу, у нее один день до срока остался. Неприятно такое естб",0,0,0,0,1,0,0,0
"Очень удобно и быстро было раньше, сейчас проще сходить в магазин",0,0,1,0,0,0,0,0
Ничего,0,0,0,0,0,0,0,0
Стали очень долго доставлять. Очень расстраивает,0,0,1,0,0,0,0,0
Завышенные цены на многие товары,0,0,0,1,0,0,0,0
"Удобный сервис, но доставка достаточно долгая. Часто дольше, чем [NUM]мин. В последнее время курица с запахом, скорее всего неправильные условия хранения, так как срок нормальный и не знаешь куда отправлять претензию так как на вид товар нормальный",0,0,1,0,1,1,0,0
Не плохо,0,0,0,0,0,0,0,0
"Постоянно задержки доставки, удивляет , что даже в теплое время года. В целом сервис неплохой. Иногда пользуюсь.",0,0,1,0,0,0,0,0
"Было бы здорово, если бы вы научились звонить, когда убираете позиции из заказа. Также было бы чудесно, если бы курьер реально приезжал через ир количество минут, которое вы пишите. Мнргр",0,0,1,0,0,1,0,0
Фруктов мало и цены большие. Остальное все хорошо,1,0,0,1,0,0,0,0
"На данный момент меня всё более менее устраивает, но цены на некоторые продукты слишком завышены",0,0,0,1,0,0,0,0
"На данный момент меня всё более менее устраивает, но цены на некоторые продукты слишком завышены",0,0,0,1,0,0,0,0
"Хороший сервис, но доставка хромает. Разное ассортимент для разных адресов. Например, на работу я не могу заказать разогретую еду, а домой могу. Очень жаль((",1,0,1,0,0,0,0,0
"Быстро , удобно, но часто овощи, мясо и фрукты не надлежащего качества ! Отслеживайте сроки ! Улучшайте качество продуктов и ассортимент !",1,0,0,0,1,0,0,0
Супер пупер,0,0,0,0,0,0,0,0
"Цены завышены прилично. Я лучше в магазине куплю сама, но дешевле. Да и не всегда есть товар, который нужен, раскупают.",1,0,0,1,0,0,0,0
Зависает,0,0,0,0,0,0,1,0
Очень задерживаете доставку,0,0,1,0,0,0,0,0
Жаль нет оплаты за наличный расчет,0,0,0,0,0,0,0,1
Не думаю,0,0,0,0,0,0,0,0
Постоянные задержки моих заказов. Устала ждать,0,0,1,0,0,0,0,0
"Курьеры часто задерживаются на [NUM]-[NUM] минут, поддержка в качестве извещения никак не реагирует, а лишь только фраза «ничем не можем помочь, к сожалению»",0,0,1,0,0,1,0,0
Ничего не думаю),0,0,0,0,0,0,0,0
"Фрукты и овощи взяты с помойки, цены космос по сравнению с обычным магазином, поддержка нужно долго объяснять что пришёл не качественный продукт",0,0,0,1,1,1,0,0
Нравится ??,0,0,0,0,0,0,0,0
"Наберите еще курьеров, а то яндекс.лавка сейчас доставляет товары быстрее чем вы",0,0,1,0,0,0,0,0
Часто обвес в овощах и их плохое качество,0,0,0,0,1,0,0,0
"Все хорошо, курьеров бы побыстрее",0,0,1,0,0,0,0,0
"Большие проблемы с временем доставки, иногда приходится ожидать в [NUM]-[NUM] раза долго указанного времени. Стоимость некачественных товаров возмещается странным образом.",0,0,1,0,1,1,0,0
Бывают проблемы с доставкой!!!,0,0,1,0,0,0,0,0
"Приложение не очень, нельзя сразу напрямую в поддержку написать,а только в телеграмм,а там отвечают через день. Нельзя отследить где курьер. Качество товаров иногда ужасное.",0,0,1,0,1,1,1,0
Хотелось бы скидки и промокоды на последующие заказы,0,1,0,0,0,0,0,0
"Курьер привёз мороженное все разбитое,лежало внизу пакета в итоге все помято невозможно есть",0,0,1,0,1,0,0,0
Продукты в основном тухлые! Особенно мясо,0,0,0,0,1,0,0,0
В последнее время долгая доставка и не спелые манго,0,0,1,0,1,0,0,0
"Несколько раз привозили испорченные продукты, заказываю только то, что долго хранится",0,0,0,0,1,0,0,0
"Последнее время заказы приезжают примерно за час, печально",0,0,1,0,0,0,0,0
Жаль что очень сокращена зона доставки,0,0,1,0,0,0,0,0
Можно улучшить скорость доставки и доставлять без опозданий,0,0,1,0,0,0,0,0
Норм,0,0,0,0,0,0,0,0
Очень долго курьер ездит,0,0,1,0,0,0,0,0
Слишком долгая доставка,0,0,1,0,0,0,0,0
Ии,0,0,0,0,0,0,0,0
Перегруженный интерфейс,0,0,0,0,0,0,1,0
"Доставка стала долгой. Раньше быстро привозили, а теперь постоянно задерживаются курьеры",0,0,1,0,0,0,0,0
"Хотелось бы побольше ассортимента здоровых продуктов. Отлично, что есть зарубежные продукты . Быстрая доставка радует.",1,0,1,0,0,0,0,0
Доставки очень долгие. Пропадает желание пользоваться этим сервисом.,0,0,1,0,0,0,0,0
"Раньше была отличная доставка, сейчас очень сильно снизилось качество",0,0,1,0,1,0,0,0
"Никакой доставки за [NUM] минут нет давно. Мороженное доставляют без термопакетов и уже приходилось возвращать, т.к. это была уже каша. Не внимательное отношение к заказчикам и заказам",0,0,1,0,1,1,0,0
"[NUM]. Хотелось бы ускорить доставку - в [NUM] минут укладываетесь редко. [NUM]. Расширить ассортимент - майонезы и соусы, мясные/колбасные продукты, безлактозные продукты: творог, кефир, йогурт и пр.",1,0,1,0,0,0,0,0
"+: Еда вкусная; -: с курьерами как повезет, у службы поддержки минимальная лояльность к клиентам.",0,0,1,0,1,1,0,0
Вообще не нравится сервис,0,0,0,0,0,0,0,0
"Сегодня, когда зашла в приложение сделать заказ, минимальная сумма доставки была [NUM] рублей, пока добавляла товары, минимальная сумма была уже [NUM] рублей. В общем, к концу сбора корзины минимальная сумма доставки составляла уже [NUM] рублей???????",0,0,0,1,0,0,1,0
"Много продуктов просроченных, доставка всегда задерживается",0,0,1,0,1,0,0,0
"Портитесь, теперь заказываю только по необходимости, стараюсь пользоваться другими доставками в связи с этим",0,0,0,0,0,0,0,0
"Долго,хотя рядом с домом",0,0,1,0,0,0,0,0
долга,0,0,1,0,0,0,0,0
"Пишете, что будет через [NUM] мин, а на деле около часа... и даже не извиняетесь или не даёте промокод. Если бы я знала, что так долго, то в Яндекс лавке заказала бы... таких случаев было очень много",0,1,1,0,0,1,0,0
Удобно и быстро ????,0,0,1,0,0,0,0,0
"Очень огорчает, что нет встроенной в приложение поддержки и связи с курьером",0,0,0,0,0,1,1,0
"Доставка редко укладывается по времени, я была бы не против если перед заказ меня предупредили о РЕАЛЬНОМ времени. Не всегда продукты поступают в товарном виде, при этом бывает нарушена целостность упаковки и товар можно только выкинуть.",0,0,1,0,1,0,0,0
"Не хватает качество доставки и главное во время. Если опоздал, то надо чтоб клиент успокоился, значит нужно бонусы начислять и многое другое.",0,1,1,0,0,1,0,0
.,0,0,0,0,0,0,0,0
зачастую доставка не успевает в срок. девиз по [NUM]/[NUM] минут к сожалению уже не работает(((,0,0,1,0,0,0,0,0
Ну средний сервис,0,0,0,0,0,0,0,0
?????????,0,0,0,0,0,0,0,0
"Неудобное меню, в озоне фреш более интуитивно понятно",0,0,0,0,0,0,1,0
"Доставка стала очень долгая, цены завышены чем в магазине",0,0,1,1,0,0,0,0
Очень ДОЛЛГАЯ ДОСТАВКА!,0,0,1,0,0,0,0,0
Долго,0,0,1,0,0,0,0,0
"Поддержка нулевая, заявленное время доставки НЕ СООТВЕТСТВУЕТ.",0,0,1,0,0,1,0,0
"Идея неплохая, но исполнение похрамывает. Периодически просроченную еду привозите, битые фрукты. Иногда курьеры отменяют заказ, если мне не дозвонились, хотя и не пытались, да и зачем мне звонить, если адрес указан корректно",0,0,1,0,1,1,0,0
"Смените поставщиков. Их очень много других. Цена космическая, а не наедаешься и не вкусно. Китчен итл? Это кто? Откуда? Ужасная еда!",0,0,0,1,1,0,0,0
хуй,0,0,0,0,0,0,0,0
"все отлично, кроме времени доставки(иногда больше [NUM] минут) и ассортимента, хотелось бы больше выбора",1,0,1,0,0,0,0,0
Ничего хорошего,0,0,0,0,0,0,0,0
"Не стабильно по доставке, цены слишком завышены, среднее качество продуктов",0,0,1,1,1,0,0,0
"Вы классные, но ассортимент недостаточный на мой взгляд. Нет многих популярных товаров, большой колы зеро никогда не найти. Перестали выходить уникальные новые продукты",1,0,0,0,0,0,0,0
Не звонят по замене товара !,0,0,0,0,0,1,0,0
"Все отлично, только некоторые позиции дороже на процентов на [NUM]% чем в том же яндексе",0,0,0,1,0,0,0,0
"В целом всё хорошо, но овощи и зелень не всегда в хорошем качестве",0,0,0,0,1,0,0,0
"Не отвечают на вопросы, сбрасывают",0,0,0,0,0,1,0,0
"График работы неудобный. Должно быть [NUM]/[NUM] ну или хотя бы с [NUM] утра. Ассортимент и доступность всегда лучше у Яндекс лавки. Последнее время время доставки сильно увеличилось, хотя даркстор в соседнем доме",1,0,1,0,0,0,1,0
"Поддержка работает не достаточно быстро, чтобы реагировать на срочные запросы. Нет возможности следить где едет курьер , если поджимает время чтобы понимать отменять заказ или могу дождаться. Последнее время все курьеры задерживаются.",0,0,1,0,0,1,1,0
Ничего не думаю,0,0,0,0,0,0,0,0
"Ужасное отношение к клиентам от поддержки , не каких ответов не дают , игнорируют , зачем писать что доставка [NUM] минут , если мне на данный момент привезли заказ ровно через [NUM] минут , это хамство",0,0,1,0,0,1,0,0
Привет,0,0,0,0,0,0,0,0
Добавьте больше готовой еды !!!!!:)),1,0,0,0,0,0,0,0
"Нет технической возможности заменить товар, поддержка вопрос не решает, уже второй раз просто убирают товар из заказа, больше не буду ни обращаться в поддержку, ни заказывать в ужасном сервисе.",0,0,0,0,0,1,1,0
Очень большие задержки по времени доставки. Доставка занимает больше часа.,0,0,1,0,0,0,0,0
"Поддержки нет по факту, цены слишком высокие, особенно на фрукты и овощи",0,0,0,1,0,1,0,0
"Сегодня принесли булочку с плесенью,я расстроена",0,0,0,0,1,0,0,0
Долгооооооооо хочу кушать,0,0,1,0,0,0,0,0
Сервис хороший но постоянно одна и та же жалоба ! Почему доставляете не свежие и порой просто испорченные овощи и фрукты ?,0,0,0,0,1,1,0,0
"В целом неплохой сервис, но пользуюсь им в последнюю очередь, есть другие доставки, более интересные",0,0,0,0,0,0,0,0
"Всегда нарушено время доставки, откройте наконец рядом даркстор. Перестаньте возить неликвид и просрочку клиентам. И цены не задирайте на некоторые товары. Необоснованно дорого иногда.",0,0,1,1,1,0,0,0
"Очень удобна доставка в течении [NUM] минут, вежливые курьеры. Цены выше чем по рынку. Маленький ассортимент.",1,0,1,1,0,0,0,0
"Цены выше, чем в других магазинах",0,0,0,1,0,0,0,0
"Нет логики в доставке, из соседнего дома курьер несёт заказ порядка [NUM]-[NUM] мин. , почему-то сначала несут куда-то а потом в соседний дом, отсутствует логистика , особенно это неудобно когда заказываешь лед или что-то замороженное , приносят склеенный комок",0,0,1,0,1,0,0,0
.,0,0,0,0,0,0,0,0
Верните доставку от [NUM]р,0,0,0,1,0,0,0,0
Дорого,0,0,0,1,0,0,0,0
Очень частые задержки. Служба поддержки вообще почти бесполещная,0,0,1,0,0,1,0,0
очень плохой персонал доставки,0,0,1,0,0,1,0,0
Неудобно следить за доставкой. Время трекера не соответствует реальности. На карте видеть курьера удобнее. Курьеры игнорируют комментарий «оставить у двери»- моя собака заходится лаем от стука каждый раз,0,0,1,0,0,0,1,0
Вовремя можно доставлять,0,0,1,0,0,0,0,0
"Ожидание заказа более [NUM] минут, регламент [NUM]минут, зачем обещаете если данный регламент не соблюдаете?!",0,0,1,0,0,0,0,0
Классная быстрая доставка!,0,0,1,0,0,0,0,0
Оплата заказа наличкой,0,0,0,0,0,0,0,1
"В большинстве случаев задерживаются курьеры. Цены выше,чем в магазине,раньте такого не было,не очень радует в последнее время",0,0,1,1,0,0,0,0
Норм,0,0,0,0,0,0,0,0
Всегда опаздывают курьеры,0,0,1,0,0,0,0,0
Всегда опаздывают курьеры,0,0,1,0,0,0,0,0
Доставка очень долгая,0,0,1,0,0,0,0,0
очень хорошо о вас думаю!,0,0,0,0,0,0,0,0
Некорректно поставлен вопрос),0,0,0,0,0,0,0,0
"Не нравится, что при заказе сумма минимального заказа всегда увеличивается ,когда скачала приложение было от [NUM] руб. Потом от [NUM]..[NUM].[NUM] и т.д",0,0,0,1,0,0,0,0
"Если покупать без баллов, то очень дорого",0,0,0,1,0,0,0,0
"Слабый сервис поддержки, периодически продукты с истекающим сроком годности или ненадлежащего хранения. Компенсация за товар отсутствует, та же Лавка даёт сразу промокоды на будущие покупки или полностью компенсирует Цены в среднем выше, чем в Лавке.",0,1,0,1,1,1,0,0
"Ужасно долгая доставка. Пользуюсь не в первый раз, каждый раз курьер задерживался на минут [NUM], а тут вообще прошло [NUM] минут с момента заказа, а его ещё собирают!!!!",0,0,1,0,0,0,0,0
Очень долгая доставка,0,0,1,0,0,0,0,0
Курьеры долго доставляют заказы,0,0,1,0,0,0,0,0
"Сама идея самоката хорошая, жаль,что воплощение оставляет желать лучшего. При заказе бы не помешало сделать разделение: сообщение для сборщика/сообщение для курьера. И даже здесь не могу написать ""ВСЕ"" как указано,потому что ограничения по символам.",0,0,0,0,0,0,0,0
Спасибо,0,0,0,0,0,0,0,0
Последнее время некачественный товар и доставка задерживается,0,0,1,0,1,0,0,0
"Не проводится работа с курьерами. Курьеры не умеют читать заказа. Служба поддержки говорит «мы проведём работу, ну поговорим просто».",0,0,1,0,0,1,0,0
Отношения сотрудников нужно пересмотреть к работе,0,0,1,0,0,1,0,0
Хоть как-то и на этом спасибо,0,0,0,0,0,0,0,0
Долгая доставка,0,0,1,0,0,0,0,0
Готовые блюда не всегда вкусные,0,0,0,0,1,0,0,0
?????,0,0,0,0,0,0,0,0
"Мало продуктом , легче заказать у конкурентов , доставка долгая",1,0,1,0,0,0,0,0
Кайф,0,0,0,0,0,0,0,0
"Не совсем понятны скидки, например сейчас [NUM]% от [NUM], а по факту скидки нет. Можно ли попроще сделать систему скидок?",0,1,0,0,0,0,0,0
"Слишком долго стали везти заказы , курьеры все очень хорошие к ним претензий нет , очень добрые и приятные , но время доставки увеличилось с [NUM] минут до [NUM], это ужасно , уже все чаще заказываю шапку",0,0,1,0,0,0,0,0
"очень долгая доставка , хотя позиционирование быстрой доставки!",0,0,1,0,0,0,0,0
"Заказ везут [NUM] лет уже, а обещали [NUM] минут",0,0,1,0,0,0,0,0
"заказы приносят слишком долго,пишут [NUM] минут и по [NUM]",0,0,1,0,0,0,0,0
Доставка,0,0,1,0,0,0,0,0
"Долго доставляют, цены часто сильно дороже магазинов. Была бы быстрая доставка, то можно было бы переплатить, а тк доставка долгая, то оно того не стоит. Сама продукция от самоката часто бывает неплохой и интересной.",0,0,1,1,1,0,0,0
очень долгая доставка,0,0,1,0,0,0,0,0
"Ужасные сапорты, которые не передают информацию курьеру и не могут попросить подъехать на своем велосипеде к соседнему дому",0,0,1,0,0,1,0,0
Долго доставляют,0,0,1,0,0,0,0,0
"Качество овощей ужасное ,постоянно гнилая картошка и лук",0,0,0,0,1,0,0,0
"Постоянные опоздания, курьеры не предупреждают о задержке!",0,0,1,0,0,0,0,0
Очень долгая доставка,0,0,1,0,0,0,0,0
"Как только начали работать курьеры приезжали за [NUM]-[NUM] минут, сейчас доставка минимум [NUM], максимум [NUM],[NUM]-[NUM]. Легче съездить за продуктами самой. Заказываю сейчас только потому что не хочу тащить тяжести. В остальном удобство и качество упало очень сильно.",0,0,1,0,0,0,0,0
"Расширить ассортимент , делать акции не только где срок кончается, рыба слабосоленая самокат очень соленая",1,1,0,0,1,0,0,0
Заказ на мой адрес больше [NUM] мин едет,0,0,1,0,0,0,0,0
"Мясо заказывать нельзя - все плохое. Овощи, фрукты и особенно зелень - тоже не беру, потому что все привозят в некондиции. Ну, и вернуть все это «добро» потом нереально, ибо телегу откровенно игнорируют, а способ связи через приложение не существует.",0,0,0,0,1,1,0,0
Так на твёрдую тройку,0,0,0,0,0,0,0,0
"Года два-полтора назад было приятно заказывать в самокате, а дальше пошли какие-то проблемы, то задержки в пол часа(при доставке за [NUM]-[NUM] минут) , то курьеры совершенно не понимающие, как предоставлять сервис, а остальное, к сожалению, сюда не вмещается (",0,0,1,0,0,1,0,0
"Всё хорошо, только время доставки в последнее время очень увеличилось ??",0,0,1,0,0,0,0,0
"Без скидок, Яндекс выгоднее",0,1,0,1,0,0,0,0
"Оптимизируйте как-то процесс доставки, либо не пишите, что заказ придёт через [NUM] минут, когда по факту он приходит через час",0,0,1,0,0,0,0,0
заказ жду больше [NUM] минут,0,0,1,0,0,0,0,0
"Хотелось бы доставку меньше [NUM] мин. Некоторые готовые блюда, доставляются через [NUM]-[NUM]-[NUM] дней после приготовления и они абсолютно невкусные. Кому пришло в голову ограничивать количество символов в отзыве?!Отзыв не поместился. А вообще классный сервис.Спасибо",0,0,1,0,1,0,0,0
"Уже не в первый раз, заказ доставляется в течении часа",0,0,1,0,0,0,0,0
норм,0,0,0,0,0,0,0,0
"Говно, а не приложение. Никакой дисциплины. Курьеры работают как хотят, заказы просто так отменяют",0,0,1,0,0,1,0,0
"Быстрая доставка, спасибо! Цены высоченные, но бывают скидки.",0,1,1,1,0,0,0,0
Очень долгая доставка,0,0,1,0,0,0,0,0
"Ну так,более менее",0,0,0,0,0,0,0,0
"хорошо развивающийся сервис, но в сравнении с другими приложениями плохо, малое количество акций и только на не актуальные продукты, необоснованные цены на мясо и птицу, а главное доставка, всегда долго, реклама не соответствует действительности НЕ [NUM] мин",0,1,1,1,0,0,0,0
Плохой сервис,0,0,0,0,0,1,0,0
Хорошие,0,0,0,0,0,0,0,0
Можно лучше,0,0,0,0,0,0,0,0
Еда приходит холодной,0,0,1,0,1,0,0,0
Очень отвратительная доставка,0,0,1,0,0,0,0,0
"Стоит улучшить качество готовой еды. Но ваши круассаны-любовь! Доставка часто бывает больше указанного времени при заказе",0,0,1,0,1,0,0,0
"Очень долгая стала доставка, раньше постоянно заказывала у вас, но сейчас проще наверное из гиперов заказывать, однажды ждала вас больше часа",0,0,1,0,0,0,0,0
По ценам магазина будет большой толк приобретать а может и дешевле,0,0,0,1,0,0,0,0
Самокат зажрался,0,0,0,0,0,0,0,0
Опаздываете часто!(,0,0,1,0,0,0,0,0
"Иногда очень долгая доставка, сделайте возможность связываться именно с курьером.",0,0,1,0,0,0,0,0
Ла,0,0,0,0,0,0,0,0
"Не нравится что доставка стала от [NUM]рублей. Не смотря на то что уже тепло, заказы долго доставляют, и довольно часто опаздываю. А ведь это быстрая доставка, и не всегда «они спешат ко времени» как вы это рекламируете!",0,0,1,1,0,0,0,0
"Не хочу. Толку нет даже не просите оценить каждый заказ просто звездочками. Вам это не нужно все, что я думаю",0,0,0,0,0,0,0,0
Минимальная заказ сделайте [NUM]?,0,0,0,1,0,0,0,0
"Слишком долгое ожидание, последнее время всегда не менее [NUM]минут, заказ всегда так же от [NUM]-[NUM]?, когда нужно только молоко или лук-это довольно много, т к изначально проблем с этим не было, пользоваться стали значительно реже",0,0,1,1,0,0,0,0
"Когда вы начнете как-то по-другому упаковывать детский творог, каждый раз кидаете в пакет и постоянно оказывается дырка в крышке. Если, конечно, не на складе уже такой кладете",0,0,1,0,1,0,0,0
"Быстро, качественно удобно.отлисные сотрудникт",0,0,1,0,1,0,0,0
"При доставки в [NUM] минут, из [NUM]-ми заказов, доставили за [NUM] ровно минут однажды, остальные разы [NUM], бывало и [NUM] минут, совершенно отсутствует доставка на данном участке, возможно нехватка кадров или погодные условия, но никаких извинений за неудобства и тд.",0,0,1,0,0,0,0,0
"Цены более менее, но курьеры некоторые наглые и хамы. Курьер даже не читает комментарии.",0,0,1,1,0,1,0,0
Долго собираете заказ,0,0,1,0,0,0,0,0
Клиентский сервис дерьмо,0,0,0,0,0,1,0,0
"Раньше доставка была с заявленным временем, сейчас в [NUM] раза дольше",0,0,1,0,0,0,0,0
"У прямых конкурентов (Яндекс), если курьер задерживается на длительное время, дают [NUM]%ную скидку. У вас только ""извините"". Печально.",0,0,1,0,0,1,0,0
Заказ всегда приходит с опозданием. Хотелось бы получать его действительно за [NUM] минут.,0,0,1,0,0,0,0,0
"[NUM] раз уже писала отзыв,пишите конкретное время доставки!!!!!вы пишите [NUM] минут по факту [NUM]-[NUM],я из за вас уже не раз опаздывала по своим делам.надеешься на [NUM]-[NUM] минут,пишите фактическое время а клиенты будет сами решать готовы они столько ждать илинет",0,0,1,0,0,0,0,0
Бесплатная доставка ??,0,0,1,0,0,0,0,0
Очень оперативно.,0,0,1,0,0,0,0,0
"Обещаете доставку за [NUM] минут, а по факту всегда дольше. Все остальное хорошо",0,0,1,0,0,0,0,0
"Долгая доставка, но в целом всё не плохо",0,0,1,0,0,0,0,0
Постоянно задерживают заказы ! Подделка просто разводит руками,0,0,1,0,0,1,0,0
Цены бы ниже как у х[NUM],0,0,0,1,0,0,0,0
Всё круто,0,0,0,0,0,0,0,0
"Постоянно приходит просрочка. Так же заказывала много раз капсулы для кофе машины, вечно протекал кипяток на стол. Писать в поддержку не вижу смысла даже ….",0,0,0,0,1,1,0,0
Всё збс,0,0,0,0,0,0,0,0
"Постоянно опаздывает заказ. Время [NUM] мин пишет доставки, по факту [NUM] мин в среднем",0,0,1,0,0,0,0,0
"Очень маленький ассортимент, в частности энергетиков. Цены уместные учитывая качество сервиса",1,0,0,1,0,0,0,0
Очень удобно,0,0,0,0,0,0,0,0
-,0,0,0,0,0,0,0,0
"Я думаю, что идея хороша, но вам нужно увеличить количество курьеров в вашей компании, потому что курьеры жалуются на количество поступающих заказов и не могут доставить их вовремя.",0,0,1,0,0,0,0,0
"Все норм, но очень долго доставляете. Иногда час приходится ждать, а не [NUM] минут как пишите",0,0,1,0,0,0,0,0
"Поддержка в проблемных ситуациях нииииичего сделать не может, скидка - потолок",0,0,0,0,0,1,0,0
"за последние [NUM],[NUM] года сильно снизился ассортимент,",1,0,0,0,0,0,0,0
"Качество продуктов снизилось - каждую доставку приходиться писать в поддержку что опять что-то несвежее и тд. Скорость доставки тоже очень сильно упала. Теперь чаще заказываю у ваших конкурентов, чем у вас",0,0,1,0,1,1,0,0
Долгая дрставка,0,0,1,0,0,0,0,0
"Маленький ассортимент товаров, очень много товаров с заканчивающимся сроком годности, доставка, бывает, задерживается",1,0,1,0,1,0,0,0
"Всё хорошо, но вот доставка хромает !!!",0,0,1,0,0,0,0,0
"Всё супер, но критерии заказа от [NUM]? иногда напрягает",0,0,0,1,0,0,0,0
"Часто ошибаются сборщики и привозят не тот товар. И часто нет в ассортименте ходовых продуктов, в частности овощей : грибы , авокадо И так далее",1,0,1,0,0,0,0,0
Не нравится повышение цен при заказе,0,0,0,1,0,0,0,0
Дорогие цены,0,0,0,1,0,0,0,0
"Шире асортимент готовых блюд,цены как в столовой,бизнес завтрак,обед и ужин в доступной ценовой политики",1,0,0,1,0,0,0,0
"Доставка часто долгая.Изначально было очень здорово, что можно не идти в магазин а быстро получить не достающие в холодильнике товары в том количестве, в котором нужны. Сейчас же легче сходить в магазин, а не покупать лишние не нужные товары на [NUM] р.",0,0,1,1,0,0,0,0
"Цены завышенны чем везде, ассортимента мало.",1,0,0,1,0,0,0,0
Хамское общение поддержки,0,0,0,0,0,1,0,0
Хотелось бы больше продуктов и ниже минимальную сумму заказа,1,0,0,1,0,0,0,0
"Беда с доставкой, а точнее с указанием времени, особенно вечером.",0,0,1,0,0,0,0,0
Долго,0,0,1,0,0,0,0,0
Очень долго доставка,0,0,1,0,0,0,0,0
В целом все Гуд,0,0,0,0,0,0,0,0
"Маленький ассортимент, что очень огорчает",1,0,0,0,0,0,0,0
Самокат очень хорошая компания очень удобно можно не ходить в магазин и доставляют быстро,0,0,1,0,0,0,0,0
"Цены космос,выбора мало. Ещё и заказ от определенной суммы. Дешевле в Яндексе заказать",1,0,0,1,0,0,0,0
"Просьба писать РЕАЛЬНОЕ время доставки заказа, а не эти «[NUM] минут». В итоге это не [NUM] минут, а куча потраченного времени.",0,0,1,0,0,0,0,0
Хз,0,0,0,0,0,0,0,0
Дорого((,0,0,0,1,0,0,0,0
Я думаю что можно был и лучше!,0,0,0,0,0,0,0,0
"С доставкой стало все очень плохо! Заказы доставляются всегда долго, гораздо дольше обещанных [NUM] минут!",0,0,1,0,0,0,0,0
"Долгая доставка, в остальном все не плохо",0,0,1,0,0,0,0,0
"Иногда идеально, иногда отвратительно",0,0,0,0,0,0,0,0
"В целом все нравилось, но сейчас заказ от [NUM] руб стало очень не удобно. Скорее буду уходить от вас. Обидно",0,0,0,1,0,0,0,0
Долго,0,0,1,0,0,0,0,0
"Здравствуйте, надо чтобы курьера было видно на карте.",0,0,0,0,0,1,0,0
Дорого,0,0,0,1,0,0,0,0
"Хорошая доставка  , хорошие продукты",0,0,1,0,1,0,0,0
Отлично,0,0,0,0,0,0,0,0
Медленная доставка и сбор заказа,0,0,1,0,0,0,0,0
Все круто. Мне все нравится!,0,0,0,0,0,0,0,0
Постоянно задержки!!!,0,0,1,0,0,0,0,0
"Временами заказ приходится ждать по [NUM]-[NUM] минут, а так очень довольна",0,0,1,0,0,0,0,0
Со временем становитесь хуже.,0,0,0,0,0,0,0,0
Не соответсвует доставка за [NUM] минут,0,0,1,0,0,0,0,0
"Самая долгая доставка на свете, самые конские цены, самые маленький ассортимент. И цены... Цены просто пиз*ец",1,0,1,1,0,0,0,0
Всегда задерживают время доставки,0,0,1,0,0,0,0,0
"Долгая доставка, завышены цены на многие продукты, сборщики упаковывают плохой товар гнилые фрукты и ягоды, истекшие сроки годности",0,0,1,1,1,0,0,0
"Достаточно хорошая организация, очень круто расширили ассортимент, но цены на некоторые позиции максимально завышены, также убрали некоторые позиции, которые нравилось раньше заказывать",1,0,0,1,0,0,0,0
"Сервис, как идея огонь. Бывает конечно на некоторые позиции неоправданно завышенный ценник. И с курьерами иногда бывают разногласия (прям редко).",0,0,1,1,0,1,0,0
"Увеличить количество точек , чтобы ускорить доставку",0,0,1,0,0,0,0,0
Очень долгой стала доставка,0,0,1,0,0,0,0,0
Долгая доставка в выходные дни!,0,0,1,0,0,0,0,0
"Не пишите ""доставим за [NUM] минут"" если каждая ваша доставка занимает от получаса",0,0,1,0,0,0,0,0
"все супер, но тогда привозят продукты с плесенью, а мороженное растаявшим :(",0,0,1,0,1,0,0,0
Очень высокие цены на продукты первой необходимости,0,0,0,1,0,0,0,0
"Цены гораздо выше, чем в других магазинах, даже не спасает бесплатная доставка. Ассортимент скудненький. Пользовалась постоянно вашими услугами только из-за быстрой доставки, но и тут испортились! Приходится ждать по часу, а то и дольше.одни разочарования",1,0,1,1,0,0,0,0
"Овощи постоянно приходят плохого качества. Я заказываю у вас для того , чтобы покушать здесь и сейчас, а не ждать авокадо [NUM] год когда оно дозреет. Это очень огорчает.",0,0,0,0,1,0,0,0
Доставка которая ранее никогда не подводила в этот раз заставила себя ждать больше часа. Никаких извинений или утешительных скидок на последующую покупку. Ужасная клиентоориентированность.,0,0,1,0,0,1,0,0
"Доставка очень долгая, не смотря на не маленькую цену",0,0,1,1,0,0,0,0
"Никакие вы не [NUM] минут, сижу жду свой заказ уже полчаса",0,0,1,0,0,0,0,0
"слишком большая наценка на товары, с учетом того, что обычно сумма заказа от [NUM]. в любом магазине дешевле",0,0,0,1,0,0,0,0
Очень долгая доставка,0,0,1,0,0,0,0,0
"Понизте нагрузку на цфз до [NUM].[NUM] ,а также верните перерыв. Невозможно работать [NUM] часов без перерыва,с бешенной нагрузкой тяжелыми заказами и вечной непогодой за [NUM] рублей в час.",0,0,0,0,0,0,0,0
Ге,0,0,0,0,0,0,0,0
"Все на высшем уровне, кроме доставки, в последнее время приходится долго ждать",0,0,1,0,0,0,0,0
"Быстрая доставка, но цены выше, чем в остальных магазинах(",0,0,1,1,0,0,0,0
На маркете дешевле,0,0,0,1,0,0,0,0
"Вы все позеры, настающие тру выбирают бмх",0,0,0,0,0,0,0,0
"Не плохо,но и не хорошо",0,0,0,0,0,0,0,0
"Часто проблемы с доставкой. То везут долго, то вообще не довозят заказ(как сегодня).",0,0,1,0,0,1,0,0
"Высокие цены, некоторые товары можно заказать только, когда они со скидкой! Цена завышена очень.",0,1,0,1,0,0,0,0
Что я думаю не описать словами,0,0,0,0,0,0,0,0
"Обманываете на счет времени доставки. Все понимаю бывает, но лучше бы писали предполагаемое время доставки. А не точное",0,0,1,0,0,1,0,0
Доставка далеко не за [NUM] минут,0,0,1,0,0,0,0,0
Манго были зелёные.твлрожная масса вздута упаковка и попавшая. Бананы зелёные. Самокат неплох но есть недочеты,0,0,0,0,1,0,0,0
"Хочется большего продуктов без содержания сахара. Молочные,творожные, И так далее.",1,0,0,0,0,0,0,0
Доставка часто задерживается,0,0,1,0,0,0,0,0
"Быстро, качественно, но цены на множество позиций сильно выше чем в других магазинах",0,0,1,1,1,0,0,0
"В принципе, все неплохо, только огорчает каждый раз, когда привозите протухшие стейки или курицу. Хоть вы и позиционируете себя, как доступный магазин, но это не значит, что можно травить людей. Тем более, стейки-то у вас не слишком «доступные» :)",0,0,0,1,1,0,0,0
.,0,0,0,0,0,0,0,0
Неудобно следить за доставкой,0,0,1,0,0,1,0,0
"Очень удобно что можно заказать и быстро привезут ( хоть и не всегда ), но качество продукции хромает .",0,0,1,0,1,0,0,0
"Совершенно не нравится поддержка, легче не писать , потому что прежде чем проедешь бота и реально разберешься пройдет много времени",0,0,0,0,0,1,0,0
"Из плохого: На доставку невозможно положиться. Очень долгая. Место обещаных [NUM]:[NUM] доставка больше [NUM]х часов. Из хорошего: большой выбор продуктов. Есть продукты из-за рубежа, есть скидки.",1,1,1,0,0,0,0,0
"Курьеры почти не читают оставленные комментарии по доставке, например пишешь домофон на беззвучном, просишь позвонить по приезду, приходит долбит в домофон [NUM] мин потом недовольны тем что не открыли",0,0,1,0,0,1,0,0
"Не нужно писать, что доставка [NUM] минут, if по факту она всегда дольше. Пишите сразу реальное время",0,0,1,0,0,1,0,0
Долго доставляете . Последний раз больше часа,0,0,1,0,0,0,0,0
Слишком долго привозят и собирают заказы,0,0,1,0,0,0,0,0
"иногда очень долго собирают заказы, доходит аж до [NUM]-[NUM] минут",0,0,1,0,0,0,0,0
"Курьеры часто опаздывают, за это можно было бы выдавать промокоды или персональные скидки",0,1,1,0,0,1,0,0
Долго доставляют и продукты в основном фрукты и овощи плохого качества,0,0,1,0,1,0,0,0
[NUM] минут висит сообщение что заказ собирают. А потом без причины отменяют его. Если не можете выполнить сразу и говорите,0,0,1,0,0,1,0,0
"Очень часто привозят зелень старую, вялую. Пару раз уже приходилось делать возврат, а иногда просто выбрасывать. Нужно лучше следить сборщикам за тем, что они отправляют. Иначе это просто неуважение к покупателям",0,0,1,0,1,0,0,0
"Не нравится минимальная сумма заказа. Хочешь заказать себе обед , а доставка от [NUM] рублей",0,0,0,1,0,0,0,0
"Было осень много ситуаций, которые испортили впечатление, регулярно привозите не свежие продукты, или наоборот не спелые, например авокадо, было очень много опозданий, невежливых курьеров, не нравится, что если продукта нет то просто отменяют.буквы законч",0,0,1,0,1,1,0,0
"Очень часто выручаете доставкой продуктов на дом. Но не так давно попробовали  Вафли круглые со сгущенкой - ужасные , на вкус жир низкого качества .",0,0,1,0,1,0,0,0
"Дизлайк минимальной сумме заказа то в [NUM], а то и в [NUM]?",0,0,0,1,0,0,0,0
Продукты постоянно приходят с плохим сроком. Продукту остается жить [NUM]-[NUM] суток!,0,0,0,0,1,0,0,0
Иногда долго доставляют или путают содержимое в заказе,0,0,1,0,1,0,0,0
"я обожаю вашу поддержку. но курьеры очень часто задерживаются, поэтому выбираю яндекс он быстрее",0,0,1,0,0,1,0,0
Очень стала долгая доставка больше [NUM] ти минут.проще и быстрее до магазина дойти.,0,0,1,0,0,0,0,0
Средне,0,0,0,0,0,0,0,0
"Ассортимент маленький, в той же Лавке выбор огромный, ну и доставка по времени сейчас у вас далеко не [NUM] минут.",1,0,1,0,0,0,0,0
"Побыстрее, уже не успеваете за [NUM] минут!",0,0,1,0,0,0,0,0
"Очень удобная доставка, необходимо расширить ассортимент, пронанализировать цены, так как цены, допустим, на напитки именно выше, чем в магазинах на [NUM]-[NUM]%.",1,0,1,1,0,0,0,0
Курьеры часто задерживаются и привозят заказ через час,0,0,1,0,0,0,0,0
"вообще все очень классно , но хотелось бы чтоб добавили в каталог дошик а не только ролтон . а так все супер",1,0,0,0,0,0,1,0
"Готовая еда ужасная, долгая доставка ([NUM] мин до моего дома)",0,0,1,0,1,0,0,0
Слишком часто задерживается доставка. Успеваю превратиться в голодную фурию,0,0,1,0,0,0,0,0
Все отлично за исключением цен бабуля,0,0,0,1,0,0,0,0
"Все писать не буду, но доставку в павшинской пойме нужно усилить, каждый заказ - ожидание минут по [NUM]",0,0,1,0,0,0,0,0
"Отличный ассортимент, испортилась доставка, при обращении в поддержку раздражающие стандартные отписки и кривляние",0,0,1,0,0,1,0,0
Хорошая и быстрая доставка продуктов,0,0,1,0,0,0,0,0
"Последнее время постоянно ужасный авокадо, зеленые бананы кладут и по [NUM]мин ждешь заказ  хотя находится в моем доме",0,0,1,0,1,0,0,0
"Сложно решать вопросы в моменте. Не видно где едет курьер. Мало местных производителей. Иногда не полные составы. Готовые блюда вообще можно убрать, лучше добавить полуфабрикатов и наборов для приготовления.",1,0,0,0,1,1,0,0
"Крутые продукты, маленькие цены и быстрая доставка!!",0,0,1,1,1,0,0,0
Я считаю что самокат очень интересно доставка патамушта называется самокат а доставляет велосипедах,0,0,1,0,0,0,0,0
"Курьер не ждёт клиента больше [NUM] минут, операторы не выполняют элементарных обязательств. Подчеркнуть что сервис «Яндекс доставки» намного лояльнее и профессиональнее к своим клиентам",0,0,1,0,0,1,0,0
"Хотелось бы побольше скидок и акций,а также чтобы лучше следили за тем какие овощи и фрукты кладут клиентам.Были ситуации когда привозили мандарины почти сгнившие и картошку",0,1,0,0,1,0,0,0
"сделайте доставку хотя-бы от [NUM]р, [NUM] это совсем много. я так люблю у вас заказывать, но приходится всей общагой заказ собирать, что не очень то и удобно????????",0,0,0,1,0,0,0,0
Слишком долгая доставка,0,0,1,0,0,0,0,0
Начисление бонусов спасибо в начале нравилось больше),0,1,0,0,0,0,0,0
"Приложение не совсем удобное, не всегда понятно, где мне найти некоторые товары. Очень много лишней инфы. Отметила из минусов еще цены, так как здесь дороже, чем в некоторых доставках продуктов, но это объясняется быстрой доставкой)",0,0,1,1,0,0,1,0
"Иногда доставка очень сильно опаздывает. Найдите, пожалуйста, способ сообщить об этом людям до того, как они оформили заказ.",0,0,1,0,0,1,0,0
"Энергетик адреналин,в то время как в магазине стоил [NUM]р -[NUM]р, в самокате в это время стоил [NUM]р -[NUM]",0,0,0,1,0,0,0,0
"Периодически бывает очень долгая доставка, около часа, в целом цены хорошие",0,0,1,1,0,0,0,0
Мало что вариантов,1,0,0,0,0,0,0,0
"Малый ассортимент выбора товаров, только это не нравится.",1,0,0,0,0,0,0,0
"Жду курьера по [NUM] - [NUM] минут, в поддержке не отвечают, а так же цены дороже на продукты чем в магазинах в раза два!!",0,0,1,1,0,1,0,0
...,0,0,0,0,0,0,0,0
Проявляйте больше внимания к курьерам и их условиям!,0,0,0,0,0,0,0,0
"Доставка стала долгой. Цены значительно выше, чем в магазинах.",0,0,1,1,0,0,0,0
"Продукция отличная, доставка быстрая, но продукты довозят не все уже не в первый раз такое случается",0,0,1,0,1,0,0,0
Завышен ценник,0,0,0,1,0,0,0,0
Оооочень долгая доставка,0,0,1,0,0,0,0,0
Очень долго ждём заказ,0,0,1,0,0,0,0,0
Практически всегда цены в [NUM] раза выше чем в магазинах,0,0,0,1,0,0,0,0
"Доставка не такая быстрая, как обещано. Всегда задерживается. Поддержка решает вопросы по полчаса, максимально не оперативно. Минимальная сумма заказа может быть увеличена по пол дня",0,0,1,1,0,1,0,0
"Очень расстраивает самокат в последнее время. Ближайшие даркстор видимо удален, доставка долгая. Когда мне позвонил курьер и начал хамить, ждала поддержку больше суток, после разбора ситуации даже не предложили промокод. Грустно",0,0,1,0,0,1,0,0
В центр города очень долгая доставка,0,0,1,0,0,0,0,0
Делаешь  заказ в [NUM].[NUM] ждёшь до [NUM].[NUM] и потом оператор перезванивает и говорит что привезут в течении [NUM] часов. Это нормально??? Считаю это полностью не приемлемым!!!,0,0,1,0,0,1,0,0
Неплохо,0,0,0,0,0,0,0,0
"Доставка заняла [NUM]мин,а таймер был[NUM]мин и дальше я просто ждала в неизвестности. Поддержка ответила,что это норма, ответом был пункт из какого-то договора, где сказано, что задерживать доставку это норма.Это был мой последний заказ.Клиент-ть на [NUM].",0,0,1,0,0,1,0,0
"доставка хорошая, сколько заказываю продукты , что бы на себе не тащить",0,0,1,0,0,0,0,0
"Хорошо,но дороговато",0,0,0,1,0,0,0,0
"Раньше была возможность заказать из магазина. Были некоторые продукты, ради которых собирала и полный заказ. Сейчас только быстрый заказ",1,0,0,0,0,0,0,0
"Постоянно какие-то проблемы с доставкой. То курьера нет, то курьер испортит товар в заказе",0,0,1,0,1,0,0,0
"Слишком дорого и переоцененно, плохое отношение к сотрудникам",0,0,0,1,0,1,0,0
"В орешках с вареной сгущенкой нет ни капли вареной сгущенки, хлеб очень часто не первой свежести, смотрите,пожалуйста, срок изготовления перед доставкой продуктов, в остальном пока все хорошо",0,0,0,0,1,0,0,0
"Последнее время привозят некачественные продукты (авокадо, готовая еда) и довольно долго",0,0,1,0,1,0,0,0
"Не пишут о том что заказов много и могут быть задержки, приходится ждать по пол часа и больше",0,0,1,0,0,0,0,0
"Я думаю что вы там все порядочные ребята , ещё бы научились комментарии читать , были бы друзьями на всю жизнь",0,0,1,0,0,1,0,0
Не всегда есть нужные товары.,1,0,0,0,0,0,0,0
Ничего,0,0,0,0,0,0,0,0
Хойта,0,0,0,0,0,0,0,0
Очень долго собираете заказ и передаете курьеру,0,0,1,0,0,0,0,0
Ассортимент и цены улучшить нужно.,1,0,0,1,0,0,0,0
"стало хуже из-за повышения цен, мало скидок, с доставкой все хорошо, было бы здорово если бы добавили онигири, макароны без глютена",1,1,1,1,0,0,0,0
"Все супер, но очень долгая доставка!",0,0,1,0,0,0,0,0
Сильно завышены цены,0,0,0,1,0,0,0,0
"Доставили протухшие ягоды голубики, следите за качеством товара!!!",0,0,0,0,1,0,0,0
Заказ опаздывает на пол часа и мне он уже не требуется,0,0,1,0,0,0,0,0
Хотелось бы больше готовых завтраков),1,0,0,0,0,0,0,0
.,0,0,0,0,0,0,0,0
"Доставка иногда очень долгая, нароимер сегодня почти [NUM] минут",0,0,1,0,0,0,0,0
"Не заказываю овощи и фрукты, так как всегда привозят гнилое и старое. Капуста была гнилая внутри, морковь сразу мягкая, перцы помяты, сам покупатель такие в оффлайн магазине не закинет такое в свою продовольственную корзину. Раньше акций было больше.",0,1,0,0,1,0,0,0
Очень долго собираются заказы и не всегда вовремя привозят,0,0,1,0,0,0,0,0
Норм,0,0,0,0,0,0,0,0
Карту добавьте уже что бы видеть курьера,0,0,0,0,0,1,0,0
Доставка дольше чем пишут,0,0,1,0,0,0,0,0
"Стали доставлять продукты со сроком, близким к истечению. Ранее такого не было",0,0,0,0,1,0,0,0
"Изменили первоначальную концепцию доставки за [NUM] минут, что очень плохо. Теперь приходится ждать по полчаса когда заказ соберут. Суммы минимальных заказов стали слишком высокими, ранее по [NUM] было, а сейчас по [NUM]",0,0,1,1,0,0,0,0
"Если в других доставках нет нужного, заказываю тут. Редко делаю заказ, т.к цены у вас выше",1,0,0,1,0,0,0,0
Невидно где он находится,0,0,0,0,0,1,0,0
часто забываете докладывать товары,0,0,1,0,1,0,0,0
"нормально, но хочется не таких завышенных цен и более разнообразного ассортимента (по типу канцелярии)",1,0,0,1,0,0,0,0
думать о вас хочется меньше и меньше с каждой доставкой +-[NUM] минут,0,0,1,0,0,0,0,0
Быстрее чтобы доставляли,0,0,1,0,0,0,0,0
Часто задерживаются курьеры,0,0,1,0,0,0,0,0
Долгая доставка! Заявлено [NUM] минут по факту час,0,0,1,0,0,0,0,0
Все нормально но с доставкой надо что то делать,0,0,1,0,0,0,0,0
Привет,0,0,0,0,0,0,0,0
Очень долго собираются заказы и курьеры едут дольше заявленного времени,0,0,1,0,0,0,0,0
"Необходимо дать понять курьерам, что если покупатель выбрал опцию «забрать заказ у двери», то не нужно нажимать «доставлено», пока ты не оставишь пакет у двери. Я не просто так выбираю эту опцию и не хочу ждать у двери, пока курьер путешествует по этажам",0,0,1,0,0,1,0,0
Плохо думаю,0,0,0,0,0,0,0,0
"Всё нравится, доставка за [NUM] минут - лучше и не придумаешь",0,0,1,0,0,0,0,0
??,0,0,0,0,0,0,0,0
"Часто подходит срок годности у продуктов , доставка «быстро» на самом деле [NUM] - [NUM] минут . Долгий ответ от поддержки .",0,0,1,0,1,1,0,0
"Очень долгая доставка. Написано, что доставка [NUM] минут, но очень часто время ожидания доходит до часа, часа [NUM]",0,0,1,0,0,0,0,0
"[NUM]/[NUM] продукты,доставка так же",0,0,1,0,1,0,0,0
"Доставка более [NUM] мин, при том что склад находится в [NUM] минутах от адреса доставки",0,0,1,0,0,0,0,0
"Цены огромные, розовый цвет отстой. Самокат на великах, за скорость уважение, хачей много",0,0,1,1,0,1,0,0
"То вы задерживаете заказ,то когда курьер приехал,и двух минут подождать не можете,когда человек спустится,отменяют заказы ваши курьеры!!!!!!отвратительное обслуживание",0,0,1,0,0,1,0,0
"Неплохо, но часто несвежие и испорченные продукты",0,0,0,0,1,0,0,0
"Непонятна скидка при заказе по промокоду- на что она в итоге действовала,а на что нет",0,1,0,0,0,0,0,0
Слишком высокие,0,0,0,1,0,0,0,0
"Доставка быстрая, это правда. Иногда попадаются хорошие цены. Ассортимент оставляет желать лучшего. Дважды принесли тухляк (мясо), техподдержка отказалась компенсировать траты… дала бы я им понюхать то что понюхала я… до рвоты просто…",1,0,1,1,1,1,0,0
"Удобно что доставка. Цены как в самом дорогом магазине. Ассортимент впринцепи неплохой все что нужно. Удобно заказать туда где нет магазинов вообще",1,0,1,1,0,0,0,0
курьеров повежливей,0,0,1,0,0,1,0,0
"Очень хороший ассортимент, цены, но когда привозят несвежие овощи/фрукты - это очень неприятно",0,0,0,0,1,0,0,0
Завышенная цена на товары. Доставка не всегда быстрая .,0,0,1,1,0,0,0,0
"Ассортимент не очень широкий, поэтому часто приходится переходить в другие сервисы по доставке :(",1,0,0,0,0,0,0,0
"Удобно, быстро, но мало продуктов и дорого, намного дороже чем в магазине",1,0,1,1,0,0,0,0
Стало очень долго,0,0,1,0,0,0,0,0
"Необходимо изменить политику доставки. Если чего-то нет в наличии, необходимо предупредить об этом клиента, а не сообщать по факту.",0,0,1,0,0,1,0,0
"Давно пользуюсь вашим сервисом, но не заказываю некоторые виды продуктов, так как очень часто товары приходят почти просроченные или уже. А написать позвонить сложно, деньги не разу полную стоимость никто не вернул. А попросить положить свежее я не могу.",0,0,0,0,1,1,0,0
Очень долгая доставка,0,0,1,0,0,0,0,0
Очень долго доставляют,0,0,1,0,0,0,0,0
Быть более лояльными и внимательными !,0,0,0,0,0,1,0,0
Курьеры не читают комментарии куда доставлять продукцию. Приходится выходить на улицу и искать курьера! Это огромный минус!!!!,0,0,1,0,0,1,0,0
"Не хватает ассортимента,доставка очень быстрая,удобно",1,0,1,0,0,0,0,0
"Если бы не наличие у вас некоторых продуктов, которых нет в других доставках, я бы у вас никогда не заказывала, ждать по часу и больше...в [NUM] году, когда важно время ! Как только подберу альтернативу, с радостью откажусь",1,0,1,0,0,0,0,0
Часто задерживаете доставку,0,0,1,0,0,0,0,0
[NUM] раза была задержка,0,0,1,0,0,0,0,0
"если время заказов увеличено,не стоит писать в приложении что доставка [NUM] минут",0,0,1,0,0,1,1,0
Бывают очень долгие доствки в районе [NUM].[NUM]—[NUM] часов и при этом нет скидки на след заказ как это было раньше!,0,1,1,0,0,1,0,0
.!.,0,0,0,0,0,0,0,0
"Служба поддержки клиентов - Говно , операторы тормоза нормального ""скрипта"" не читавшие , сборщики заказов ""судаки"" о свежести продуктов не слышавшие,просрочку в заказ кладущие и мнущиеся продукты укладывать наверх пакета не умеющие !",0,0,1,0,1,1,0,0
Очень долго доставляете !,0,0,1,0,0,0,0,0
По непонятным причинам отменен заказ,0,0,1,0,0,1,0,0
"Что смущает - цены сильно выше чем в том же ВкусВилл у которого доставка [NUM] час. При это у меня ваша доставка в половине случаев задерживается и выходит тоже самое. Хотел бы написать больше, но не влезает сюда… смешно, с учетом, что просите писать всё))",0,0,1,1,0,1,1,0
"Доставка очень долгая! Продукты часто привозят испорченные! Если продукт в заказе закончила,не предупреждают об этом!!Я не довольна качеством последнее время",0,0,1,0,1,1,0,0
Очень долго,0,0,1,0,0,0,0,0
цены стали высокие!!! доставку повысили??,0,0,1,1,0,0,0,0
"Условия хранения и качество,с которым переодически сталкиваюсь.",0,0,0,0,1,0,0,0
Норм в целом дайте скидку,0,1,0,0,0,0,0,0
"вечно пишет «вот-вот будет у вас», а ожидать приходится более [NUM] минут",0,0,1,0,0,0,1,0
Очень долго стали собирать заказ и доставлять . Раньше было очень быстро,0,0,1,0,0,0,0,0
В последнее время слишком долгая доставка,0,0,1,0,0,0,0,0
Все чаще увеличивается время доставки. А так очень приятный сервис,0,0,1,0,0,0,0,0
"В последнее время,стала очень долгой доставка",0,0,1,0,0,0,0,0
"Ужасное приложение, операторы не работают, не решают проблему . Курьеры вообще едут очень медленно",0,0,1,0,0,1,1,0
Маленький ассортимент. Мало акций,1,1,0,0,0,0,0,0
Всё супер,0,0,0,0,0,0,0,0
"Нравится, что быстро и бесплатная доставка, но часто нет того, что мне нужно, и цены, конечно, завышены в сравнении с другими. Если нужно покупать много -иду в другой интернет магазин продуктов, тупо из экономии?????",1,0,1,1,0,0,0,0
"Фрукты и овощи часто привозят испорченными. Скукоженные яблоки, мягкие желтые огурцы, коричневую цветную капусту и тд. Также привозят продукты с истекающим сроком годности ([NUM]-[NUM] до истечения срока годности), однажды вообще попалось прокисшее молоко.",0,0,0,0,1,0,0,0
Очень долгая доставка,0,0,1,0,0,0,0,0
"Прекрасный сервис, но ассортимент можно расширить",1,0,0,0,0,0,0,0
стали очень долго доставлять(,0,0,1,0,0,0,0,0
"В последнее время стал намного хуже, вместо обещанных [NUM] минут доставляют за [NUM]-[NUM], один раз ждала около часа свой заказ…",0,0,1,0,0,0,1,0
Очень часто убираете из заказа уже выбранные и заказанные продукты!!!!,0,0,0,0,0,1,1,0
"Очень много продуктов с истекшим сроком годности доставляют Или с вот-вот заканчивающимся. А цены подняли. Раньше самокат был лучшим сервисом доставки, продукты были на высоте. Заказывала все продукты только там. А сейчас только при необходимости",0,0,0,1,1,0,0,0
????,0,0,0,0,0,0,0,0
"В целом идея быстрой доставки продуктов это потрясающе. Свое производство и небольшие наценки на товары тоже отличная идея. Но, не совсем отлажено качество. И я что друзья периодически натыкается на ситуации когда овощи или зелень или салатные листы гнилы",0,0,0,0,1,0,0,0
??????,0,0,0,0,0,0,0,0
Прикольно,0,0,0,0,0,0,0,0
"Очень не удобно связываться с поддержкой. И иногда некорректна информация о прибытии курьера. Пишут, что прибудет через [NUM]-[NUM] минуты, а проходит [NUM].",0,0,1,0,0,1,1,0
"Все хорошо, но ассортимент очень маленький",1,0,0,0,0,0,0,0
"Были ситуации, когда приходилось выходить к курьеру, потому что он не понимал русский и не мог сам войти в подъезд. Выбирайте, пожалуйста, курьеров со знанием языка, не очень горю желанием выходить в холод…",0,0,1,0,0,1,0,0
"Не всегда все свежее, иногда заказ находится в статусе «доставлен» а его нет (часто пишу чтобы оставили у двери, ориентируюсь на уведомление что заказ доставлен, открываю дверь а под дверью ничего нет) химию и продукты лучше разделяйте по пакетам.",0,0,1,0,1,1,1,0
В последнее время очень долго собирают заказ и доставляют,0,0,1,0,0,0,0,0
Постоянно задерживаются заказы,0,0,1,0,0,0,0,0
"Продукты приходят не всегда хорошего качества и за большую стоимость,чем в магазине",0,0,0,1,1,0,0,0
"Перестали доставлять до меня, очень жаль",0,0,1,0,0,0,0,0
Постоянно опаздывающее курьеры,0,0,1,0,0,0,0,0
В приложение в [NUM]% случаев неактуальную время доставки. Зачем?,0,0,1,0,0,0,1,0
Очень иаленький ассортимент продуктов. Далеко не все продукты самокат качественные,1,0,0,0,1,0,0,0
Почему доставка бесплатная от определённой суммы??,0,0,1,1,0,0,0,0
"Ассортимент скудный, доставляют долго. Некоторые товары неоправданные дорогие. Единственный плюс бесплатная доставка",1,0,1,1,0,0,0,0
Доставка долго. Цены высокие,0,0,1,1,0,0,0,0
ДОРОГО,0,0,0,1,0,0,0,0
"прикольный магазин и никуда ходить не надо, но доставка долгова-то, я бы не так злилась на это если бы не было бы показано, что он придёт через [NUM] минут, а приходит через [NUM]",0,0,1,0,0,0,1,0
"условные скидки. очень часто вылезают скидки на товары, а немного ниже есть такой же товар, но без скидки- за такую же стоимость. доставка не [NUM] минут)) но это придирка, все понимаю. Хороший сервис",0,1,1,0,0,0,1,0
Иногда очень долго,0,0,1,0,0,0,0,0
Ужасно,0,0,0,0,0,0,0,0
Я о самокате узнала не давно и пользоваться тоже это очень удобно и очень крутой интернет магазин я вас очень люблю но хотела бы сказать то что иногда цены зашкаливают цены чучуть снизить и вы вообще покорите всех а так я вас люблю ?? ?? ?? ?? ??,0,0,0,1,0,0,0,0
почему самокат ездит на велосипеде?,0,0,0,0,0,0,0,0
"Все круто,только очень маленький ассортимент",1,0,0,0,0,0,0,0
Ставку курьерам поднимите и координацию увольте всю??,0,0,0,0,0,1,0,0
"Качество мяса отвратительное , два раза выкидывала , хотя привозили с хорошим сроком годности",0,0,0,0,1,0,0,0
В последнее время очень стали долго доставлять заказ.,0,0,1,0,0,0,0,0
Жду долго,0,0,1,0,0,0,0,0
"Долгая доставка , плохая тех поддержка, сто раз звонила в поддержку, говорят что перезвонят и никогда не перезванивают. Вывод-плевать на клиентов )",0,0,1,0,0,1,0,0
Курьеры постоянно задерживаются. Очень задерживаются. Вместо заявленных [NUM] минут - заказ едет [NUM]-[NUM] минут,0,0,1,0,0,0,1,0
Все хорошо,0,0,0,0,0,0,0,0
"Приложение очень сильно багуется, много не доработок.",0,0,0,0,0,0,1,0
"Доставка больше [NUM] минут,бывает очень хочется кушать,а курьер приездает за [NUM] минут или болеее...",0,0,1,0,0,0,1,0
Г,0,0,0,0,0,0,0,0
"Постоянно обманываете при взвешивании продуктов. Однажды заказала [NUM] кг апельсинов, а привезли [NUM] кг.",0,0,0,0,1,1,0,0
Очень долго стало ждать заказ. Хочу знать об этом на этапе заказа в корзине,0,0,1,0,0,0,1,0
Нормально,0,0,0,0,0,0,0,0
Часто даставка занимает вдвое больше указанного времени,0,0,1,0,0,0,1,0
Даже при функции высокого спроса доставки очень долго могут ехать. Фрукты в редких случаях оставляют желать лучшего. А в остальном пока все хорошо,0,0,1,0,1,0,0,0
"Очень долго доставляете заказ. Последний ждала час. В [NUM] минут, как указано, никогда не успеваете.",0,0,1,0,0,0,1,0
"Вместо заявленных [NUM] минут в приложении - зачастую заказ привозят только через час. Доставка за час это не проблема, но люди делают заказ с расчетом на указанное время. И иногда заказ через час уже просто не нужен.",0,0,1,0,0,0,1,0
"Не нравится, что иногда нужно заказывать у вас на больше суммы, чем я хотела бы, и из-за этого только приходится не делать заказ.",0,0,0,1,0,0,1,0
Оверпрайс за так себе выбор,1,0,0,1,0,0,0,0
"Удобно , но иногда очень долго(((",0,0,1,0,0,0,0,0
"Периодически очень долго доставляют, не [NUM] минут, а все [NUM]. Также очень часто привозят продукты уже в плохом качестве (гнилые, сухие), и это было даже не на скидках",0,0,1,0,1,0,0,0
новые чаевые,0,0,0,0,0,0,0,0
Сейчас жду заказ уже [NUM] минут,0,0,1,0,0,0,0,0
"Неплохой сервис доставки, но оч часто задерживаются курьеры",0,0,1,0,0,0,0,0
"Часто долгая доставка, зелень и заморозка практически всегда в ненадлежащем состоянии",0,0,1,0,1,0,0,0
часто неверно указывается время ожидания и курьеры задерживаются,0,0,1,0,0,0,1,0
"Все хорошо, но иногда привозите испорченный продукт",0,0,0,0,1,0,0,0
Доставка вместо [NUM] заявленных минут занимает от получаса и выше,0,0,1,0,0,0,1,0
"Что за увеличение стоимости минимального заказа, как ближе время к обеденному перерыву у офисных сотрудников так цена становится заоблачной! Я хочу просто позавтракать а не закупиться на [NUM]?!!!",0,0,0,1,0,0,1,0
В последнее время очень долгая доставка. Жаловалась ни раз. Не предупреждаете когда убираете что-то из заказа. Тем более не предлагаете заменить. Это огромный минус.,0,0,1,0,0,1,0,0
"Периодически вы офигеваете с минимальной ценой заказа, серьёзно",0,0,0,1,0,0,0,0
"Удобно, мобильно, просто",0,0,1,0,0,0,0,0
Доставка за час очень долго,0,0,1,0,0,0,0,0
"Ребят все практически круто, но цены завышены!",0,0,0,1,0,0,0,0
Опаздывают часто курьеры,0,0,1,0,0,0,0,0
Н,0,0,0,0,0,0,0,0
Плохое качество овощей и фруктов. Часто привозят гнилое.,0,0,0,0,1,0,0,0
Дороговато и овощи фрукты не свежий!!!,0,0,0,1,1,0,0,0
Мне принесли просроченную творожную массу. Следите за сроком годности ваших продуктов,0,0,0,0,1,0,0,0
"Здравствуйте! Испортилось качество товаров, часто привозят не качественные продукты. Самокат всегда славился за быструю доставку, а в итоге я несколько раз свои заказы ждала более часа. Ассортимент плавает, что то заканчивается, товар не думают пополнять.",1,0,1,0,1,0,0,0
?,0,0,0,0,0,0,0,0
"последнее время долго производится доставка,что достаточно неприятно",0,0,1,0,0,0,0,0
У меня нет на это времени.,0,0,1,0,0,1,0,0
"Очень долгая доставка, зачем писать в заказе, что будет через [NUM]-[NUM] минут. Если приходится ждать по часу",0,0,1,0,0,0,1,0
"Поддержка очень долгая, овощи и фрукты плохие",0,0,0,0,1,1,0,0
"Продукты такие, что в магазине бы точно не взяли, что не есть хорошо. Цены бывают ну слишком завышены. Курьеры невежливые бывают, продукты кидают к сожалению.",0,0,1,1,1,1,0,0
"Обещанные [NUM] минут на доставку не соблюдаются уже давно, ассортимент не всегда удовлетворяет потребностям. В остальном всё удобно",1,0,1,0,0,0,1,0
Несколько раз сталкивалась с некачественными продуктами и некачественным хранением на складах,0,0,0,0,1,0,0,0
Поддержку из тг уберите. сделайте внутри приложения как в я. маркете,0,0,0,0,0,1,1,0
"Курьер уехал ,заказ отменили! Безобразие!",0,0,1,0,0,1,0,0
"Много просрочки и качество продуктов оставляет желать лучшего, при этом цены выше рыночных",0,0,0,1,1,0,0,0
"Доставка атас. Написано [NUM],[NUM] часа, в итоге больше трех и то не факт …",0,0,1,0,0,0,1,0
"Очень часто бывают опоздания более чем на [NUM] минут, фрукты и овощи привозят несвежие",0,0,1,0,1,0,0,0
Очень часто опаздывают курьеры. Поддержка не всегда адекватно отвечает,0,0,1,0,0,1,0,0
"В последние [NUM] раза заказ доставляли от [NUM]-[NUM] минут , это очень долго, за это время можно самому сходить [NUM] раза в магазин. Раньше [NUM]-[NUM] минут доставка была, с учетом того, что цех возле нашего дома..",0,0,1,0,0,0,0,0
Так себе,0,0,0,0,0,0,0,0
"Раньше был супермаркет в моем районе, теперь только за [NUM] минут доставка, ассортимент меньше. Цены стали сильно завышены, ну это можно простить , учитывая быструю доставку , но воткачество очень плохое , особенно собственной продукции. Раньше было лучше",1,0,1,1,1,0,0,0
"Раньше доставка была быстрее, сейчас в среднем [NUM]-[NUM] минут. Нет никаких [NUM] минут уже давно. Овощи и фрукты смысла заказывать нет, обязательно приносят плохие, гнилые или недоспелые…",0,0,1,0,1,0,1,0
"Не точное время доставки , т.е нельзя планировать время доставки. Не отслеживается где курьер.",0,0,1,0,0,0,1,0
Нужно больше позиций и побыстрее так как за [NUM] мин для маленького города многовато,1,0,1,0,0,0,1,0
"Всё хорошо, но сделать более приемлимые цены. И быструю доставку.",0,0,1,1,0,0,0,0
Среднее,0,0,0,0,0,0,0,0
"Реклама о том что бесплатная доставка, но постоянно есть сумма минимальная заказа. Проще сделать как у конкурентов обозначив сумму за доставку, хотя бы честно.",0,0,1,1,0,1,0,0
"Все было бы все отлично, если была возможность оплатить наличными",0,0,0,0,0,0,0,1
"не понимаю, почему увеличилась минимальная сумма заказа? если раньше сумма была гораздо меньше и все приезжало за [NUM] минут, а сейчас минимум [NUM]-[NUM] и едет [NUM] минут ??",0,0,1,1,0,0,1,0
"Очень хотелось бы оставлять отзывы на продукты, как в некоторых других службах доставки. Это позволило бы [NUM]) получить обратную связь производителю [NUM]) получить обратную связь самому самокату [NUM]) выбрать продукт нужного качества",0,0,0,0,0,0,1,0
"Раньше был замечательный сервис с быстрой доставкой и качественными продуктами, но чем дальше - тем хуже. Сейчас буквально в каждом заказе привозят гнилые продукты или продукты с плесенью (овощи и фрукты).",0,0,1,0,1,0,0,0
"Последние несколько недель у вас ужасно работает доставка. Несколько раз ожидание было больше часа, что в итоге провоцировало отмену заказа в вашем сервисе",0,0,1,0,0,1,0,0
"Ускорить доставку, если позиционируете себя как быстрая доставка",0,0,1,0,0,0,0,0
"Дорого, не всегда быстро и в последние разы почти испорченное (у нас было молоко у которого оставалось пару дней)",0,0,1,1,1,0,0,0
"Каждый раз, когда при заказе в приложении пишут. Курьер вот вот будет у вас-приходится ждать еще минимум минут [NUM]. Хочется, чтобы писали реальное время. В данный момент жду заказа уже почти [NUM].[NUM] часа, минут [NUM] из них «курьер уже вот вот приедет»",0,0,1,0,0,0,1,0
Молодец,0,0,0,0,0,0,0,0
"Долгие сборы заказов, соответственно долие доставки, соответственно часто опаздываю",0,0,1,0,0,0,0,0
Доставка как всегда желает лучшего,0,0,1,0,0,0,0,0
Раньше было лучше.,0,0,0,0,0,0,0,0
очень долгая доставка????за это время можно заказать в СберМаркете продукты и завышенные цены,0,0,1,1,0,0,0,0
"В каждом [NUM] моем заказе постоянно отсутствует какой-то из заказанных товаров,приходится связываться с администратором и снова ждать по [NUM] минут, когда донесут заказ.В целом удобно,что можно всё купить не выходя из дома.Но доставка,а иногда кач-во не очень.",0,0,1,0,1,1,0,0
"долгая доставка. иногда не весь заказ привозите. поддержка плохо работает, никто не может толком решить проблему",0,0,1,0,0,1,0,0
??,0,0,0,0,0,0,0,0
"Неудобный поиск по разделам, доставка очень часто задерживается",0,0,1,0,0,0,1,0
"Очень часто привозят продукты с истекающим сроком годности. Овощи обычно вообще «убитые», приходится писать в поддержку. Неудобная навигация и обозначения в приложении. Никак не могу понять, что значат часы около скидок?",0,1,0,0,1,1,1,0
Супер ??,0,0,0,0,0,0,0,0
"Отвратительный сервис, доставка до полутора часов при заявленных [NUM]",0,0,1,0,0,0,1,0
"Пользуюсь самокатом с [NUM] года могу сказать что основная проблема самоката - это доставка и поддержка. неоднократно сталкивалась with тем, что курьеры не читают комментарии, грубят, отменяют заказ самовольно. Поддержка не помогла ни разу.",0,0,1,0,0,1,0,0
В последнее время заказы доставляются очень долго. Увеличьте штат курьеров,0,0,1,0,0,0,0,0
"Проверяйте поставщиков с кем работаете, иногда приносят продукты не очень хорошего качества. В целом сервис удобный.",0,0,0,0,1,0,0,0
....,0,0,0,0,0,0,0,0
"Приложение, идея которого быстрая доставка продуктов за [NUM] минут, доставляет их за [NUM] часа",0,0,1,0,0,0,1,0
Быстро. Принимают сберспасибо,0,0,1,0,0,0,0,0
"Бывает такое, что продукты через раз подпорченные приезжают. На уценке бывают откровенно воняющие товары, среди товаров без скидки именно по мясу тоже бывают косяки + хлеб вообще не выглядит, как на фото. Время доставки не настоящее.",0,1,1,0,1,0,1,0
Нормально,0,0,0,0,0,0,0,0
Очень долго последнее время,0,0,1,0,0,0,0,0
иногда медленно,0,0,1,0,0,0,0,0
"Долго, не соответствуете указанному времени доставки, нет карты поэтому реально не оценишь где курьер, две доставки оформил и по итогу обе около часа доставлялись при условии, что дару стор рядом находится",0,0,1,0,0,1,1,0
"По большей части пользуюсь сервисами конкурентов, поскольку оценка времени доставки там сильно точнее. «[NUM] минут» в Самокате слишком часто превращаются в [NUM].",0,0,1,0,0,0,1,0
"Курьер постоянно опаздывает, тех поддержка не перезванивает, статус заказа не обновляется, жда заказ [NUM].[NUM] часа",0,0,1,0,0,1,1,0
ХУЙНЯ ЕБАННАЯ,0,0,0,0,0,0,0,0
Привет,0,0,0,0,0,0,0,0
"Находитесь в доме, стали доставлять дольше чем другие дарк сторы, ассортимент это отдельная тема, СТМ наверное выгоден и в некоторых случаях эксклюзивен, но у людей бывают предпочтения к каким то конкретным продуктам и брендам.",1,0,1,0,0,0,0,0
Усчезают хорошие позиции из ассортимента,1,0,0,0,0,0,0,0
Очень часто стали подводить. Часто молоко просроченное привозили. Доставку не дождешься. Сильно испортился сервис,0,0,1,0,1,0,0,0
"Удобно, часто выручает",0,0,0,0,0,0,0,0
Постоянно опаздывают доставки,0,0,1,0,0,0,0,0
Не получилось применить ни один промокод,0,1,0,0,0,1,0,0
Ыаыааыаы,0,0,0,0,0,0,0,0
Какашки,0,0,0,0,0,0,0,0
"Очень долго едут курьеры. Вместо заявленных [NUM] минут, стабильно минимум [NUM].",0,0,1,0,0,0,1,0
хорошее приложение,0,0,0,0,0,0,1,0
Очень часто привозите некачественные продукты,0,0,0,0,1,0,0,0
"Отличное приложение, хотелось бы видеть цены не в [NUM] раза дороже чем в магазине, в другом процветания и успехов!",0,0,0,1,0,0,1,0
"Чтобы заказ доставляли быстрее, без задержек!",0,0,1,0,0,0,0,0
"Несколько раз заказывал мороженное, почти всегда приносили подтаевшее и разбитое.",0,0,1,0,1,0,0,0
"Сегодня привезли прокисший плов! И уже не один раз так было: что-то прокисшее, что-то протухшее. Помидоры обязательно в рваной упаковке, рассыпаны по всему пакету. Виноград - подгнивший. Деньги жалко выкидывать на воздух.",0,0,0,0,1,0,0,0
"К сожалению, есть сложности с доставкой и работой службы поддержки, спасибо",0,0,1,0,0,1,0,0
Не нравитесь,0,0,0,0,0,0,0,0
"Часто бывает, что готовая продукция (супы, салаты, вафли производства Самлкат с карамелью) привозят испорченными. Срок годности нормальный, но у вас что-то не так с хранением продуктов. Раз они портятся очень часто раньше времени!",0,0,0,0,1,0,0,0
Час доставки + курьер наглый,0,0,1,0,0,1,0,0
Неприлично дорого,0,0,0,1,0,0,0,0
"Доставка стала хуже, медленнее.",0,0,1,0,0,0,0,0
"Сделайте возможность повторного выбора заказа, в истории заказов. Какой смысл на них просто смотреть. Нужно чтобы клиент открыл историю заказа, смог кликнуть по позиции заказа и попасть в его меню, где он может увидеть,- есть позиция в наличии или нет.",0,0,0,0,0,0,1,0
"Ни разу за последние недели не приехали без опоздания. Заказываем из-за скорости, приходится заказы отменять. Ужасно. Раньше таких проблем не было",0,0,1,0,0,1,0,0
"У вас очень вкусные свои продукты и всегда свежие овощи, но, к сожалению, приходится переходить в другие доставки, так как скудный ассортимент товаров других марок",1,0,0,0,1,0,0,0
"Привезли вчерашний хлеб, каждый раз привозят не свежий хлеб",0,0,0,0,1,0,0,0
Очень долго….,0,0,1,0,0,0,0,0
Доставка ужасно долгая !,0,0,1,0,0,0,0,0
"Хороший сервис, но так регулярно происходит что-то неприятное из-за чего забываю о нем на пару-тройку месяцев. До поддержки не дописаться, не дозвониться, отвечают всегда по хамски и никто не заинтересован в решении проблемы. Даже эта форма ограничена",0,0,0,0,0,1,1,0
Долго,0,0,1,0,0,0,0,0
"Приложение удобное и практичное. Доставка в целом быстрая и качественная. Единственный минус - сотрудники пункта ставят минимальную сумму заказа по вечерам от [NUM] и выше, а иногда после работы (в [NUM]-[NUM]) что-то требуется купить..",0,0,1,1,0,0,1,0
"Раньше доставляли все быстро, теперь долго и смысла уже меньше, те же озон фреш доставляют в течение часа и ассортимент больше и продукты по сроку годности всегда хорошие",1,0,1,0,1,0,0,0
"Достаточно лояльны, зачастую скидки = подходящие сроки годности, что не радует, доставка всегда сильно задерживается",0,1,1,0,1,0,0,0
"С какой стати, нет налички и доставка от [NUM] рублей",0,0,1,1,0,0,0,1
"Очень долгая доставка, за которую даже нет никакой компенсации. Много товаров которых просто нет по сравнению с другими магазинами. Цены на многии позиции в [NUM].[NUM]-[NUM] раза выше, чем в обычном магазине. Пользуемся теперь только в крайнем случае. [NUM]/[NUM]",1,1,1,1,0,1,0,0
"Все промокоды нацелены на новых клиентов, на ""первый заказ"", от чего впечатление в будущем такое себе. Некоторые товары с очень большой наценкой. Брал как-то безалкогольное шампанское за [NUM]р, а потом увидел точно такое же в пятерочке за [NUM]-[NUM]",0,1,0,1,0,0,0,0
"Долго, хотя я в соседнем подъезде. Пишите [NUM] мин, приходят через [NUM]",0,0,1,0,0,0,1,0
Очень долгие доставки,0,0,1,0,0,0,0,0
Постоянно опаздываете,0,0,1,0,0,0,0,0
Маленький ассортимент,1,0,0,0,0,0,0,0
"Мнение хорошее, но иногда когда хочется что то заказать, а у вас задержка заказов, из за недостатка курьеров ??",0,0,1,0,0,0,0,0
Цены очень высокие,0,0,0,1,0,0,0,0
П,0,0,0,0,0,0,0,0
"В самокате дороже, чем в обычных магазинах",0,0,0,1,0,0,0,0
Нулевая клиентоориентированность в поддержке,0,0,0,0,0,1,0,0
"Который раз уже привозят йогурты подходящие к концу срока. Сегодня написал, что надо свежие и все равно привезли йогурт, который через три дня умрет. Это издевательство что ли?? Я уже пару раз после вашего такого йогурта проводил день на унитазе.",0,0,0,0,1,1,0,0
Стала долгая доставка это уже убирает вообще преимущество у конкурентов,0,0,1,0,0,0,0,0
Постоянно привозят гнилые овощи.,0,0,0,0,1,0,0,0
"Все классно , еще в другом городе пользовался самокатом , но тут , очень мало выбора еды готовой , хочется уже чего то нового одно и тоже а то ….",1,0,0,0,0,0,0,0
Очень долго работает доставка. Продукты ненадлежащего качества .,0,0,1,0,1,0,0,0
"Раньше доставка была ровно [NUM] минут, ну максимум [NUM]. Сейчас курьеры едут и по [NUM] минут, когда торопишься на работу это очень неприятно",0,0,1,0,0,0,1,0
иммими,0,0,0,0,0,0,0,0
"Иногда доставка не соответствует своему ожидание и даже не предупреждают, последний раз час ждала. В чате ответили когда доставку уже привезли и дали скидку [NUM]% это что ничего никак не компенсирует то что так долго ждала. Некоторые продукты дорогие.",0,1,1,1,0,1,0,0
"Раньше, когда доставка была от [NUM]? было лучше! Сейчас приемлемо [NUM]. Доставляют супер. Ребята молодцы. Продукты свежие! Все бы ничего,но цены немного портят картину. Ещё плюс, что можно сбербонусы списать и начисляют их. Вообще кайф??????",0,1,1,1,1,0,0,0
я у вас работаю и вы мне деняк мало платите,0,0,0,0,0,0,0,0
"Я звонила жаловалась на курьера. Так как он повел себя отвратительно. Обещали , что со мной свяжутся. И тишина. Очень неприятно",0,0,1,0,0,1,0,0
"Все супер, но хочется еще быстрее",0,0,1,0,0,0,0,0
"Не удобно, что появилась минимальная сумма заказа",0,0,1,1,0,0,1,0
"Ужасно долгая доставка, некомпетентная поддержка, ц",0,0,1,0,0,1,0,0
"В редких случаях продукцию доставляют в пролом качестве, служба поддержки работает очень плохо, доставка занимает гораздо больше заявленному!!!",0,0,1,0,1,1,0,0
"Плохой выбор готовых блюд. Если заказываешь часть, то надоедает быстро. Мясо привозят сроком годности последние [NUM]-[NUM] дня, овощи зачастую испорченные, огурцы горькие, часто овощи с плесенью привозили.",1,0,0,0,1,0,0,0
"Последний месяц очень часто привозят некачественные продукты особенно овощи, фрукты и зелень! Постоянно гниль и плесень! И без зазрения совести везут и отдают!",0,0,0,0,1,0,0,0
"Очень удобно, что не нужно выходить за срочными покупками. Самокат всегда рядом, но такое ощущение , что курьеры все поголовно глухие. В ответ не здороваются , не прощаются. Молча отдали и ушли ??",0,0,1,0,0,1,0,0
"Прошу быть курьеров немного внимательнее, круассаны доставлены все раздавленные",0,0,1,0,1,0,0,0
Секс,0,0,0,0,0,0,0,0
"Снизить цены до магазинов розницы, увеличить ассортимент товара",1,0,0,1,0,0,0,0
Вечно завышенная цена на многие продукты и так же постоянно высокая минимальная сумма заказа. Ваш DarkStore находится в [NUM]-[NUM] минутах пешком (не на велике!) от моего дома.,0,0,1,1,0,0,0,0
"Сервис не плохой,не хватает ассортимента",1,0,0,0,0,0,0,0
Испорченный фрукты,0,0,0,0,1,0,0,0
"Курьеры кладут заказы с другой стороны двери, сложно же понять в какую сторону открывается дверь",0,0,1,0,0,1,0,0
"Заказывал в первый раз, в заказе были лимонады, полуфабрикаты и мороженное, всё мороженное оказалось внизу, как итог получилась каша, заказывать больше не буду",0,0,1,0,1,0,0,0
Не доволен постоянной ценой надо вечно набирать на определеную сумму,0,0,1,1,0,0,0,0
нужно лучше распределять нагрузку в часы пик. Они каждый день в одно и то же время. Почему бы не выводить на работу больше курьеров в эти часы? Из-за [NUM] часовых доставок по утрам и вечерам желания заказывать что-либо нет и в обычное время.,0,0,1,0,0,1,0,0
Очень долгая доставка и тех поиздержусь ничем не помогает,0,0,1,0,0,1,0,0
"Доставка удобна,оплата тоже, иногда время ожидания огорчает ,в остальном все супер!",0,0,1,0,0,0,0,0
"Очень слабая поддержка, отвечают часами, пока специалист ответит, уже все решается само собой либо отменяем заказ.",0,0,1,0,0,1,0,0
"То гель для душа от Самокат с другим содержимым, то сушеные грибы с червями, то багет с маслом и чесноком наполовину порезан, соответственно вторая половина-просто багет",0,0,0,0,1,0,0,0
Частенько приходится ждать доставку больше часа,0,0,1,0,0,0,0,0
"Классно, что есть продукция от самоката, но иногда порции слишком маленькие. Так же доставка НИКОГДА не бывает [NUM] мин, что обещано в вашем приложении! Хотя мы живем в центре и самокат находится не далеко, напишите уж [NUM]-[NUM] мин) так честнее",0,0,1,0,1,0,1,0
Время доставки не соответствует заявленному.,0,0,1,0,0,0,1,0
"Раньше доставка была быстрее, сейчас курьер может доставлять и [NUM] минут и час, пару раз попадались некачественные продукты. За опоздание никаких бонусов нет, даже если опаздывают систематически.",0,1,1,0,1,1,0,0
Долго ждать((,0,0,1,0,0,0,0,0
"В последнее время, доставка по продолжительности стала дольше, не [NUM] мин и даже не [NUM]. Очень разочарована этим стала.",0,0,1,0,0,0,1,0
"Раньше было классно, но в последнее время сильно задерживаются, цены поднялись, и перестали следить в каком состояние везут заказ, все мнётся.",0,0,1,1,1,0,0,0
"Доставка всегда долгая, цены космические. Порог бесплатной доставки в часы пик огромный. В праздники лучше заказать в Яндексе, там нет всех этих сложностей.",0,0,1,1,0,0,0,0
"мне заставляли не свежую рыбу, ? испорченные клубнику. Если учесть что это дорогие продукты – то за ними нужно следить ещё лучше чем огурцами как мне кажется??",0,0,0,1,1,0,0,0
??,0,0,0,0,0,0,0,0
Долгая доставка,0,0,1,0,0,0,0,0
Что нужно соответствовать « доставка за [NUM] мин) час жду,0,0,1,0,0,0,1,0
В последние пару месяцев время доставки очень увелистлось,0,0,1,0,0,0,0,0
"Цены большие , долго доставляют заказ , нету пива",1,0,1,1,0,0,0,0
Доставка могла бы быть и побыстрее,0,0,1,0,0,0,0,0
"Долгая доставка, курьеры постоянно опаздывают",0,0,1,0,0,0,0,0
"Слишком высока минимальная цена заказа, теряете много потенциальных клиентов, все заказывают в яндекс.лавке",0,0,1,1,0,0,0,0
Терпимо,0,0,0,0,0,0,0,0
"Использовать темные паттерны, продавая запеканку из молокосодержащего чего-то рядом с нормальной творожной, очень плохо(( писать про доставку за [NUM] минут, но при этом привозить через [NUM], тоже не очень, надо быть быстрее лавки на деле, а не на словах)",0,0,1,0,1,0,1,0
"Нередко продукты приходят огурцы с плесенью. Обращалась уже, но честно надоело, просто выбрасываю и заказываю в Яндекс лавке",0,0,1,0,1,1,0,0
"Вроде всё хорошо, но не всегда хватает выбора готовой еды. Курьеры то прям отлично прилетают, а иногда написано вот-вот будет у Вас, но его нет, как в данный момент. Таймер закончился минут [NUM] назад",1,0,1,0,0,0,1,0
"Последние время долго приходится ждать доставку, мороженое постоянно привозят уже растаянное и скомканное, очень жаль",0,0,1,0,1,0,0,0
"Маленький ассортимент, ну как бэ ценник начали задирать, к доставки претензий нет",1,0,1,1,0,0,0,0
Долго везут,0,0,1,0,0,0,0,0
Постоянные опоздания,0,0,1,0,0,0,0,0
Дорого стала доставка стоить,0,0,1,1,0,0,0,0
Пакет,0,0,0,0,0,0,0,0
Что то долго начали доставлять,0,0,1,0,0,0,0,0
"Практически никогда не приезжает вовремя, обещанные сроки отстают на [NUM]-[NUM] минут.",0,0,1,0,0,0,1,0
курьеры долго доставляют,0,0,1,0,0,0,0,0
"Все хорошо, но цены смущают ) дорогие фрукты и овощи , из-за этого стала пользоваться значительно реже",0,0,0,1,1,0,0,0
Порой ассортимента мало,1,0,0,0,0,0,0,0
"Хочется, чтобы выбор был больше и товары чаще были в наличие, цены кусаются, поэтому заказываю реже, чем хожу в магазин, прямо вижу разницу в стоимости",1,0,0,1,0,0,1,0
"Заказ,бывает, задерживают до получаса. Курьеры при этом говорят,что это не их проблемы. Поддержка лишь формально фиксирует проблему и все. Ассортимент скудный, часто нужных товаров не найти. Не все хорошего качества. А так идея отличная, очень выручает.",1,0,1,0,1,1,0,0
Очень долгой стала доставка. [NUM] мин при заявленных [NUM],0,0,1,0,0,0,1,0
Часто привозите просроченные продукты или перед самым окончанием срока годности,0,0,0,0,1,0,0,0
"Очень долгая доставка, за последние полгода ни разу не привезли продукты вовремя.",0,0,1,0,0,0,0,0
"Молодцы ваще ребята относительно заката, и не надо за доставку как везде ваще платить",0,0,1,0,0,0,0,0
"Быстро . Удобно, но дорого",0,0,1,1,0,0,0,0
"Поддержку нужно не улучшить, а заменить. Ценообразование вызывает смех. Посмотрите сейчас кетчупы Хайнс и «скидки», на большинство товаров цены слишком завышены",0,1,0,1,0,1,0,0
Долго едут курьеры,0,0,1,0,0,0,0,0
"Я наглый, хочу больше скидок, извините меня",0,1,0,0,0,0,0,0
"Ужасный сервис и качество многих продуктов. Не соблюдается обешаенное время, которое нарушает быструю доставку [NUM] минут в [NUM] раза. Заказывать перестали всей семьёй и перешли на более лояльных сервис. Лавка и озон. У вас хамски ведут операторы",0,0,1,0,1,1,1,0
"вообще сервис мне нравится, но курьеры иногда приезжают и говорят «этого не было в наличии, но мы деньги списали, на возврат поставили», но так ничего не и не вернули, я не стала ругаться из-за [NUM] рублей, но ситуация неприятная. зачем тогда дс списывать?",0,0,1,0,0,1,0,0
Доставка заняла [NUM] минут вместо [NUM].,0,0,1,0,0,0,1,0
"В приложении теперь нельзя оформить заказ из гипермаркета, что очень обидно, там выбора продуктов больш",1,0,0,0,0,0,1,0
"Вечно опаздываете с доставкой, а поддержке никакой помощи не дождёшься, проблема даже дождаться ответа т.к приходится ждать иногда более часа. Авокадо либо не спелые, либо переспелые. Салаты какие то кислые хоть и в сроке",0,0,1,0,1,1,0,0
"Курьеров видимо очень не хватает, скорость доставки регулярно падает. Цены при этом ниже не становятся",0,0,1,1,0,0,0,0
Все хорошо за исключением,0,0,0,0,0,0,0,0
.,0,0,0,0,0,0,0,0
Жду доставку. Написано вот-вот! Пришлось ждать еще [NUM] минут в отличии от [NUM] обещаных,0,0,1,0,0,0,0,0
"Уважаемые работники самоката, случаются как везде и всегда сбои и недочеты в работе, по этому желаю вам придумывать и реализовывать эффективные решения ко всем возникающим проблемам, а в целом все здорово, удачи!",0,0,0,0,0,0,0,0
вы охуели,0,0,0,0,0,0,0,0
"Долгая доставка!! Мало выбора , дорого",1,0,1,1,0,0,0,0
Люблю вас спасибо,0,0,0,0,0,0,0,0
"Очень часто не соответствуете по времени ( задержки мин по [NUM]-[NUM] мин",0,0,1,0,0,0,0,0
"Вообще цинус, харам не делают",0,0,0,0,0,0,0,0
??????,0,0,0,0,0,0,0,0
"Не хватает отслеживания курьера, тк ооооочень часто они задерживаются на неопределенный срок",0,0,1,0,0,1,0,0
норм,0,0,0,0,0,0,0,0
"Большое спасибо,вы палочка- выручалочка. Желаю успехов и процветания.",0,0,0,0,0,0,0,0
Заявленные [NUM] минут не всегда соблюдаются. Часто бывает что после оплаты проходит по [NUM]-[NUM] минут. Или измените слоган -доставка [NUM] минут или улучшите именно доставку и сборку,0,0,1,0,0,1,0,0
"Почему доставка стабильно стала выше [NUM] минут. Последние несколько месяцев раньше чем за [NUM] минут не доставляли ни разу. А то бывало и по [NUM] минут ждешь маленький заказ. Ценник и так был конский, но порции хотя бы нормальные, а сейчас мизерные",0,0,1,1,1,0,0,0
Долгая доставка в некоторых районах города,0,0,1,0,0,0,0,0
Второй раз подряд не уложились в [NUM] минут,0,0,1,0,0,0,0,0
"Раздел с готовой едой мне не нравится вообще … салаты все ужасные . В плане Продуктов остальных всегда всем довольна была ??",0,0,0,0,1,0,0,0
Промокоды не работают на новых аккаунтов,0,1,0,0,0,1,0,0
"Никогда курьеры не читают комментарии к заказам! Вообще никогда! Ни разу за все время! Цены оставляют желать лучшего: очень завышены! Картофель по [NUM]-[NUM] руб кг! Серьезно??? Качество на [NUM] из [NUM]. Невозможность редактировать заказ, долгий возврат денег",0,0,0,1,1,1,1,0
"К сожалению, частые проблемы с доставкой",0,0,1,0,0,0,0,0
Очень очень долго! Всегда опаздывают,0,0,1,0,0,0,0,0
"Курьеры долго едут,хотя живем рядом с пунктом, продукты иногда приходят в неположенном виде",0,0,1,0,1,0,0,0
Часто испорченные продукты!,0,0,0,0,1,0,0,0
"В поддержке работают некомпетентные сотрудники, клиентоориентированность [NUM]",0,0,0,0,0,1,0,0
Долгая доставка,0,0,1,0,0,0,0,0
"Зачем писать в приложении, что доставка [NUM] минут, если регулярно по вечерам и иногда днем я жду доставку около часа, а то и больше? Я живу в центре города, не на окраине.",0,0,1,0,0,0,0,0
"Всё в основном неплохо, но иногда привозят откровенно испорченные продукты. К примеру, мне привозили раздавленное мороженое и сыр с плесенью (это не тот, на котором она должна быть). Также хотелось бы больше ассортимента для заказа.",1,0,0,0,1,0,0,0
"Хорошее приложение ,но было бы удобнее иногда осуществлять оплату наличными,либо картой при получении.",0,0,0,0,0,0,0,1
"Овощи и фрукты откровенное ""г"", не надо так. Есть смысл заказывать только что-то, что не портится. Иначе зеленючие бананы, несъедобные томаты, деревянные или гнилые авокадо. Раньше таких проблем не было.",0,0,0,0,1,0,0,0
"Мало продуктов бывает в наличии. , не успеваю окончить оформление заказа , так чего нет уже в наличии , особенно фрукты , и овощи , увеличьте количество !!!",1,0,0,0,0,0,0,0
Поддержка просто в жопу выебанная,0,0,0,0,0,1,0,0
Доставка продуктов длилась час.,0,0,1,0,0,0,0,0
Очень очень много раз задержали мне пищу,0,0,1,0,0,0,0,0
"Сервис среднего уровня, поддержка работает отвратительно, взаимодействия с курьерами ноль.",0,0,0,0,0,1,0,0
"Быстро раскупают любимые товары, даешь даркстор в каждый двор!",0,0,0,0,0,0,0,0
хотелось бы больше выбора и скидок,1,1,0,0,0,0,0,0
"Доставка увеличилась во времени, везут по часу и очень часто заказ от [NUM], а то и от [NUM] рублей. Стало очень неудобно, проще дойти до магазина))",0,0,1,1,0,0,0,0
Курьер не смог донести заказ и отменили его. Все данные были указаны,0,0,1,0,0,0,0,0
Доставка иногда долгая,0,0,1,0,0,0,0,0
Долгая доставка,0,0,1,0,0,0,0,0
Мороженое привозят постоянно растаявшим. Дайте курьерам термопакеты,0,0,0,0,1,0,0,0
"Необходимо сделать что-то с доставкой, если вы раньше приезжали за [NUM]-[NUM] минут то сейчас уже почти всегда [NUM]-[NUM] минут и следить за качеством скоропортящихся товаров, виноград, помидоры и прочее",0,0,1,0,1,0,0,0
"Цены завышены до охренения, ассортимент нулевой, продвигаете только свои товары, при подвязки новой карты ее нельзя просто вставить, ее нужно вбивать дико не удобно",1,0,0,1,0,0,1,1
Неплохой сервис,0,0,0,0,0,0,0,0
"Самокат теперь совсем не тот, что был в начале. Все классные уникальные продукты исчезали, цены поднялись и постоянно привозят просроченные продукты.",1,0,0,1,1,0,0,0
"Промокоды, которые уже не действуют не должны находиться в доступе в самом приложении иначе это отбивает желание вам доверять, как оно отбито у меня. Пользуюсь просто потому что мне лень вставать сейчас с теплой кроватки, однако летом приложение я удалю.",0,1,0,0,0,1,0,0
достаточно долго стали доставлять и качество свежих продуктов часто очень неудовлетворительное,0,0,1,0,1,0,0,0
Очень долго все,0,0,1,0,0,0,0,0
"Долгая доставка , написано [NUM] минут , а по факту в среднем минут [NUM]",0,0,1,0,0,0,0,0
"Хороший сервис, но иногда у продуктов низкое качество (просрочка) либо из-за неправильного хранения (несколько раз попадалось кислое молоко) и проблемы со скидками. При перерасчете общей суммы видно что процент скидки ниже чем в описании акции",0,1,0,0,1,0,0,0
Дорого и заказать можно только от [NUM]? жаль раньше можно было заказать от [NUM]?)),0,0,0,1,0,0,0,0
Маленький ассортимент снеков,1,0,0,0,0,0,0,0
"Курьеры большие молодцы ,но цены и вправду кусаются",0,0,0,1,0,0,0,0
"Все практически идеально! Единственное, хотелось бы побольше ассортимента готовых завтраков.",1,0,0,0,0,0,0,0
Обещанные [NUM] минут доставки не получились( лучше бы сходил в магазин,0,0,1,0,0,0,0,0
"Ужасный сервис, каждый раз задерживают с доставкой товара, каждый раз оператор отвечает по пол года, каждый раз сборку заказа начинают позже чем надо",0,0,1,0,0,1,0,0
"Жду заказ [NUM],[NUM] часа, вместо заявленных [NUM] минут!",0,0,1,0,0,0,0,0
Некоторые продукты слишком дорогие,0,0,0,1,0,0,0,0
"Мне очень нравится самокат, но можно улучшить ассортимент",1,0,0,0,0,0,0,0
Некоторые цены на много больше чем в магазинах,0,0,0,1,0,0,0,0
Бывает часто !!! Не вовремя привозят заказ,0,0,1,0,0,0,0,0
Быстрая доставка,0,0,0,0,0,0,0,0
??????????,0,0,0,0,0,0,0,0
.,0,0,0,0,0,0,0,0
Привет,0,0,0,0,0,0,0,0
"Хочу видеть объективно время доставки. В приложение пишет «курьер вот-вот будет у вас», а по факту ждала один раз больше часа.",0,0,1,0,0,1,0,0
"В последнее время очень долгая доставка. Но в целом, вс? нравится.",0,0,1,0,0,0,0,0
"Часто хромает доставка в мой адрес, обычно все приносят с опозданием. Выбор большой но очень часто многих продуктовые бывает.",1,0,1,0,0,0,0,0
Очень крутые ребята,0,0,0,0,0,0,0,0
Дорого,0,0,0,1,0,0,0,0
Поддержку бы побыстрее.,0,0,0,0,0,1,0,0
"курьер не оповещает о том, что ожидание у него [NUM]-[NUM] минуты, а молча уезжает и отменяет заказ",0,0,1,0,0,0,0,0
"Устраивает все, кроме испортившейся доставки. Если раньше действительно заказ приезжал в течение [NUM] минут, то сейчас периодами это время доходит до [NUM] часа.",0,0,1,0,0,0,0,0
"Не нравятся ваши цены, которые очень завышены.",0,0,0,1,0,0,0,0
Завышаете ожидания,0,0,1,0,0,0,0,0
"Ну, за [NUM]ч. и [NUM] мин. мне ещё никогда не доставляли заказ... отвратительно, одним словом",0,0,1,0,0,0,0,0
Отвратительная обратная связь. Контингент доставщиков с их поведением вообще ужасен.,0,0,0,0,0,1,0,0
Цены на некоторый сегмент продуктов завышены. А доставка - супер.,0,0,0,1,0,0,0,0
"отличный сервис, но очень раздражает, что время доставки всегда указано [NUM] минут, а по факту почти всегда [NUM]-[NUM], а иногда и [NUM]. было бы удобнее, если бы указывали реальный прогноз",0,0,1,0,0,0,0,0
вы норм ребята,0,0,0,0,0,0,0,0
подешевле бы цены и было бы супер! :),0,0,0,1,0,0,0,0
Не удобный интерфейс. Быстрая доставка!,0,0,0,0,0,0,1,0
"Очень долгая доставка. Раньше доставляли за [NUM] минут и меньше, а сейчас можно экспресс доставку ждать около часа.",0,0,1,0,0,0,0,0
"Нельзя выбрать граммовку некоторых товаров, что очень огорчает",0,0,0,0,0,0,1,0
Я забыл уже когда последний раз вы доставляли что то вовремя.,0,0,1,0,0,0,0,0
Горячие блюда доставляют долго,0,0,1,0,0,0,0,0
Все прилично,0,0,0,0,0,0,0,0
Вы крутые,0,0,0,0,0,0,0,0
Очень долго доставляют заказ,0,0,1,0,0,0,0,0
"Отзывы покупателей, очень облегчали бы выбор)",0,0,0,0,0,0,1,0
"Надеюсь это кто-то прочитает. Самокатом пользуюсь уже больше года, свои функции сервис исполняет исправно, но за все время использования было [NUM]-[NUM] очень печальных случаев, когда был крайне недоволен. Но в целом, все круто. <[NUM]",0,0,0,0,0,0,0,0
Проверяйте чаще сроки годности !!!!!,0,0,0,0,1,0,0,0
"Очень дорого, часто не соответсвует качеству! в остальном очень хорошо",0,0,0,1,1,0,0,0
Последний заказ доставили за [NUM] минут..... а обещали за [NUM] . В итоге не успела добавить ингредиенты.,0,0,1,0,0,0,0,0
"Каждый раз очень долгая доставка, заявлено от [NUM], но всегда минимум [NUM] минут, это еще в лучшем случае, пишите тогда от [NUM] минут доставка, чтобы заранее понимать когда ждать заказ",0,0,1,0,0,0,0,0
поддержка работает отвратительно*(( а курьеры милашки!! причем все!! спасибо им большое,0,0,0,0,0,1,0,0
"Никогда не совпадет время доставки в приложении с реальным, очень долго",0,0,1,0,0,0,0,0
"Просто безобразие! Вместо обещанных [NUM] минут, приходится ждать доставку по [NUM] и более и это не в самое популярное время",0,0,1,0,0,0,0,0
Отвратительный сервис,0,0,0,0,0,1,0,0
"Доставка сто лет. Курьеры приезжают недовольные, задают вопросы «Зачем вы столько заказали?»",0,0,1,0,0,0,0,0
зачастую долгие доставки и маленький ассортимент,1,0,1,0,0,0,0,0
"Курьер не доставил заказ, оформленный поздно ([NUM]:[NUM]). Диспетчер поддержки не смог сказать ничего толкового и не помог решить проблему. Все остались без еды.",0,0,1,0,0,1,0,0
"Если бы не высокие цены на сам заказ ""доставка от"", было бы [NUM]/[NUM], это единственное, что нужно доработать",0,0,0,1,0,0,0,0
Доставка уже более одного часа при обещанных [NUM] минутах это перебор,0,0,1,0,0,0,0,0
"Курьеры доставляют очень долго. Пишется курьер вот вот будет, а ждать после этого ещё минут [NUM]-[NUM]",0,0,1,0,0,0,0,0
"Не хватает бытовых позиций, часто проблемы с доставкой - не в срок, не то привозят",1,0,1,0,0,0,0,0
На определённые адреса постоянно с задержкой привозят заказы,0,0,1,0,0,0,0,0
В последнее время доставляют более [NUM] минут,0,0,1,0,0,0,0,0
очень удобно,0,0,0,0,0,0,0,0
"Цены часто завышены, но в целом всё приемлемо",0,0,0,1,0,0,0,0
"Каждый раз, когда написано курьер «вот-вот будет у вас» стабильно приходится ждать еще минут [NUM]. Внешний вид курьеров оставляет желать лучшего, неопрятные.",0,0,1,0,0,0,0,0
В последнее время долгая доставка,0,0,1,0,0,0,0,0
Все плохо,0,0,0,0,0,0,0,0
"Живём так рядом, что иногда кажется так далека доставка",0,0,1,0,0,0,0,0
"Мало всего и дорого, мда челы",1,0,0,1,0,0,0,0
Мучаете курьеров??????,0,0,0,0,0,0,0,0
Качество продуктов плачевно,0,0,0,0,1,0,0,0
Нет горячей еды,1,0,0,0,0,0,0,0
Приложение самокат топ!Все есть то что я люблю и то что надо,0,0,0,0,0,0,0,0
Продавайте только лучшие продукты. И работайте с местными фермерами,0,0,0,0,1,0,0,0
"В начале было быстро и качественные продукты, сейчас как у всех",0,0,1,0,1,0,0,0
"Часто стали доставлять заказы не вовремя, заказ можно ожидать по [NUM]-[NUM] минут в ответ получать только слова извинения, что ничему далее не способствует! Доставка максимально испортилась",0,0,1,0,0,1,0,0
Ничего,0,0,0,0,0,0,0,0
Очень долго жду заказ,0,0,1,0,0,0,0,0
"В последнее время курьеры привозят заказ через [NUM] минут, [NUM]-[NUM].[NUM] часа.. ну никак не за [NUM] минут. Все-таки это ваша фишка — быстрая доставка, а по итогу ее нет…",0,0,1,0,0,0,0,0
"Доставка ВСЕГДА с опозданием от указанного времени. Иногда минут [NUM], а иногда задержка может быть и час. Все чаще склоняюсь к другим магазинам. Качество продуктов последнее время испортилось, заморозка растаянная, помидоры мягкие. Поддержка нулевая.",0,0,1,0,1,1,0,0
"Думаю, что за [NUM] минут ожидания нужно делать скидку [NUM]% !",0,1,0,0,0,0,0,0
Просто очень долгая доставка,0,0,1,0,0,0,0,0
.,0,0,0,0,0,0,0,0
Норм,0,0,0,0,0,0,0,0
Очень удобный сервис! Спасибо,0,0,0,0,0,0,0,0
быстрая доставка и много готовых вкусных блюд,0,0,1,0,0,0,0,0
Не знаю. Доставка самого необходимого,0,0,0,0,0,0,0,0
Медленно привозите( либо пишите большее время либо возите быстрее,0,0,1,0,0,0,0,0
Раньше было лучше,0,0,0,0,0,0,0,0
"Пишете [NUM] мин, доставляете за [NUM]-[NUM]",0,0,1,0,0,0,0,0
Время доставки стоит [NUM] мин. За последние пол года мне ни разу не привезли заказ за [NUM] минут. Обычно это [NUM]-[NUM] минут.,0,0,1,0,0,0,0,0
"Хорошая доставка, но лучше заботьтесь о своих карьерах",0,0,0,0,0,0,0,0
"Фрукты и овощи приходят не первой свежести, салат максимально жухлый. Доставка без отслежив., что неудобно, приходится стоять и ждать от [NUM] минуты до бесконечности. Поиск в приложении ужасен. Большое количество товара отсутствует",1,0,1,0,1,0,1,0
Написано [NUM] минут.в действительности гораздо больше каждый раз,0,0,1,0,0,0,0,0
"Последнее время заказы стали долго доставлять, при этом курьер пол часа сидит на цфз, т.к например мороженое пришло как будто с морозилки. Хотя заказ доставлялся час.",0,0,1,0,0,0,0,0
"Стали долго доставлять заказать, без предупреждений",0,0,1,0,0,0,0,0
С доставкой беда,0,0,1,0,0,0,0,0
Все очень медленно,0,0,1,0,0,0,0,0
"Привозят порченные продукту, нет возможности оставить за это отзыв.",0,0,0,0,1,0,0,0
"Доставка очень долгая, мб это зависит от района города, но я устала ждать заказ час каждый раз",0,0,1,0,0,0,0,0
"В принципе нормально, хорошо бы ассортимент побольше",1,0,0,0,0,0,0,0
Не вкусное основное меню,0,0,0,0,1,0,0,0
Мне нравится самокат можно чуть больше ассортимента а так хорошо,1,0,0,0,0,0,0,0
Очень часто заявленное время доставки можно умножать на [NUM]. Хотелось бы видеть реальное время ожидания(а не просто видеть в приложении «курьер вот-вот будет» и отслеживать курьера на карте. В этом вы сильно проигрываете Яндексу.,0,0,1,0,0,1,0,0
"Обещаете доставку [NUM] минут, по факту она дольше, но это пол беды. Поддержка отвратительная, там людям вообще все равно",0,0,1,0,0,1,0,0
Курьеры постоянно опаздывают,0,0,1,0,0,0,0,0
"Каждый раз когда заказываю, есть проблемы с отображением в приложении, заказ часто отменяется, но потом его снова возобновляют, очень неудобно. Спасибо за понимание!",0,0,0,0,0,0,1,0
"Сравнительно небольшой ассортимент, часто задерживается доставка. В целом, не плохо, но иногда хочется больше выбора",1,0,1,0,0,0,0,0
Норм,0,0,0,0,0,0,0,0
"Маленький ассортимент в сравнении с доставкой из магазинов, при этом цены выше, чем в магазинах",1,0,0,1,0,0,0,0
Почти ни разу в последнее время заявленное время доставки не соблюдается. Уже проще самому сходить.,0,0,1,0,0,0,0,0
"Раньше доставка осуществлялась намного быстрее, учитывая меньшее количество курьеров, чем сейчас. Сумма заказа раньше была меньше для доставки. В итоге сейчас время доставки увеличились, как и сумма от которой можно сделать заказ.",0,0,1,1,0,0,0,0
"Я понимаю для чего была нужна фиксированная ценна, но раньше «Самокат» позиционировался как «вам нахватает одного продукта? Для это есть самокат!». Ассортимент уменьшился. Добавьте вещи первой необходимости : перекись, бинты и т.д.",1,0,0,0,0,0,0,0
"[NUM]. Доставка за [NUM] минут в последнее время «сказка», минимум [NUM]-[NUM] минут доставка. [NUM]. Минимальная сумма заказа в редких случаях [NUM]-[NUM]?, обычно больше. [NUM]. Конкуренты в Яндекс лавке, в данный момент намного лучше вас работают",0,0,1,0,0,0,0,0
Сегодня долго собирают,0,0,1,0,0,0,0,0
Курьеры на саперной [NUM]а лучшие,0,0,0,0,0,0,0,0
Когда ваш сервис начинал работу был лучше,0,0,0,0,0,0,0,0
Долгая доставка,0,0,1,0,0,0,0,0
"Более быструю доставку, оперативность",0,0,1,0,0,0,0,0
Из [NUM] доставок в [NUM] минут уложились всего один раз. Сыну приводят до [NUM] минут. Адрес один и тот же. Почему так? Просто интересно,0,0,1,0,0,0,0,0
"Не получится написать все, что я думаю. У вас количество символов в отзыве ограничено ?? Сначала отменили доставки в мой район. Я перестала пользоваться вашим сервисом. Сегодня решила дать шанс. Полное разочарование. Спустя час я так и не получила заказ!",0,0,1,0,0,0,0,0
"Удобно, что быстро. Цены подняли чересчур высоко и до поддержки не допишешься вовремя.",0,0,0,1,0,1,0,0
Дорого,0,0,0,1,0,0,0,0
"Удобный сервис. Выручает,когда нет возможности дойти до магазина,но Сумки у доставщиков драные, продукты иногда все покиданы в пакет так, что йогурты оказываются внизу все сжатые. Не всегда доброжелательны.",0,0,1,0,1,0,0,0
"Видеть, где находится курьер (как в такси). В разделе акции сор-ка цен не только в категориях, но и в общем от мин к макс ?. Когда у вас был конкурс в телеге, с баллами, бот затупил, а ответ прислали уже после окончания акции! ПС Мне не хватило букв",0,1,0,0,0,1,1,0
"не нравится, заказ из супермаркета, вместо [NUM],[NUM] часа мне доставляют больше положенного - доставили около [NUM] час, а в другой раз вообще доставляли [NUM] с лишнем ЧАСОВ. И вместо того, чтобы предложить норм. в качестве извинений - предложили то, что и обычно",0,0,1,0,0,0,0,0
"Неплохая Кантора, но требует расширения ассортимента и побольше спецпредложений",1,1,0,0,0,0,0,0
"Очень маленький ассортимент продукции… и смущает факт, что в сети видео с наездом курьера самоката на кошку … От самоката нет информации, что стало с курьером живодером и что с кошкой. Позиция в таких вопросах должна быть прозрачной.",1,0,0,0,0,1,0,0
Цены высокие. Очень часто нет нужных продуктов,1,0,0,1,0,0,0,0
"Маленький ассортимент, дорого. Последнее время доставка опаздывает более чем на час",1,0,1,1,0,0,0,0
Все хорошо!,0,0,0,0,0,0,0,0
"Ограничение по символам. Тут никто вс? не перечислит. В стораз много полезного предлагают. Из основного: добавить комментарии, следить за просрочкой внимательнее, пофиксить баги в приложении.",0,0,0,0,1,1,1,0
"Временное увеличение стоимости доставки , простите , уже за*бало",0,0,1,1,0,0,0,0
"Очень часто привозят продукты плохого качества , особенно мясо которое пахнет хотя у него хороший срок , видимо не правильно хранилось, мясо перестала заказывать и изза этого в приоритет ставлю Яндекс лавку, хотелось бы больше ассортимент курицы",1,0,0,0,1,0,0,0
"С каждым днем хуже и хуже. Сбор и доставка продуктов увеличивается по времени, даже вне «часов пик». Цены растут. Проще прогуляться пешком [NUM] минут до магазина, лишние пару сотен за те же самые продукты можно сэкономить, за исключением скидок и акций.",0,0,1,1,0,0,0,0
Что то среднее,0,0,0,0,0,0,0,0
сумма заказа????????,0,0,0,1,0,0,0,0
Обидно что убрали энергетики без сахара,1,0,0,0,0,0,0,0
Косячите часто (,0,0,0,0,0,0,0,0
По моему адресу увеличили время доставки. И часто стали привозить некачественные продукты,0,0,1,0,1,0,0,0
Мало запеканки,1,0,0,0,0,0,0,0
Курьеры молчат в домофон и могут отменить заказ,0,0,1,0,0,0,0,0
Очень долгие доставки стали + постоянно высокий спрос,0,0,1,1,0,0,0,0
Да норм,0,0,0,0,0,0,0,0
Быстро,0,0,0,0,0,0,0,0
Медленно все,0,0,1,0,0,0,0,0
Курьер не увидел где находится звонок в типичном доме центра и отменил заказ даже не позвонив на телефон,0,0,1,0,0,0,0,0
"Долгая доставка, половины продуктов нет в ассортименте.",1,0,1,0,0,0,0,0
ну хз,0,0,0,0,0,0,0,0
Не привезли заказанные продукты,0,0,1,0,0,1,0,0
"Доставка периодически опаздывает. Заказываю на разные адреса и везде такая проблема. Само приложение подвисает. Иногда, в самый нужный момент, приложение вообще не работает. Сами продукты с подходящим сроком годности. Хлеб привозят [NUM]-[NUM] дневные.",0,0,1,0,1,1,0,0
"Привозят откровенно плохие продукты. Часто привозили испорченную курицу и овощи с гнилью или плесенью. Доставка всегда больше заявленных [NUM] минут, хотя даркстор находится очень близко. Хочется видеть настоящее предполагаемое время доставки",0,0,1,0,1,0,0,0
"В принципе,всё достаточно хорошо,не приятненько только,что первый заказ и уже доставили позже положенного,а так всё вроде нормально",0,0,1,0,0,0,0,0
"вы - чудесный сервис, но доставка очень сильно разочаровывает в последнее время. вместо [NUM] минут приносят за час, очень часто случаются какие-либо путаницы с заказами, очень жаль :(",0,0,1,0,0,0,0,0
Нормально,0,0,0,0,0,0,0,0
Очень маленький выбор продуктов,1,0,0,0,0,0,0,0
больше выбора по магазинам,1,0,0,0,0,0,0,0
Гетла,0,0,0,0,0,0,0,0
"Заставьте курьеров шевелиться, бывает что по [NUM] минут заказ ждем",0,0,1,0,0,0,0,0
"Уовссное и удобное приложение, но часто задерживается доставка",0,0,1,0,0,0,0,0
Научите курьеров здороваться,0,0,0,0,0,0,0,0
"Иногда нету фруктов, и моя жена тратит на ваш сервис много денег заблокируйте её аккаунт",0,0,0,0,0,0,0,0
"Бывают плохие товары , работа поддержки на высшем уровне",0,0,0,0,1,0,0,0
Стали задерживаться с доставкой. За последние [NUM] мес ни разу не уложились в [NUM] мин,0,0,1,0,0,0,0,0
Очень часто привозят доставку с опозданием,0,0,1,0,0,0,0,0
супер,0,0,0,0,0,0,0,0
"Хорошо, но можно и лучше.",0,0,0,0,0,0,0,0
"Последнее время доставку, заявленную как [NUM] минут, приходится ждать минут [NUM]-[NUM]. Также в сравнении с другими сервисами цены на некоторые продукты сильно завышены.",0,0,1,1,0,0,0,0
"Не плохо, но постоянным клиентам нет хороших скидок.",0,1,0,0,0,0,0,0
"Слишком долго собирают заказы, о самой доставке вообще молчу.",0,0,1,0,0,0,0,0
Сильно увеличилось время доставки .,0,0,1,0,0,0,0,0
Плохо очень,0,0,0,0,0,0,0,0
"Блин вот жду заказ, что блять значит задерживаемся, курьер освободится и сразу к вам, ну что это за раздражение под вечер, извините хорошего дня",0,0,1,0,0,0,0,0
Качество продуктов бывает подводит,0,0,0,0,1,0,0,0
Овощи и фрукты часто приезжают испорченные,0,0,0,0,1,0,0,0
Дорого у вас,0,0,0,1,0,0,0,0
Еда невкусная уже [NUM] раз заказываю  и всё невкусно,0,0,0,0,1,0,0,0
"К сожалению, в последнее время часто разочаровываюсь в Самокате. Срок годности продуктов почти истекший или же продукты приходят сомнительного качества. Часто задерживается доставка. На мой взгляд, стирается изначальная концепция, которая так нравилась",0,0,1,0,1,0,0,0
Курьеры привозят не целый зпказ,0,0,1,0,0,0,0,0
Долгая доставка,0,0,1,0,0,0,0,0
Стало намного хуже,0,0,0,0,0,0,0,0
Сервис конечно ужасный,0,0,0,0,0,0,0,0
"Часто к времени доставки есть вопросы: некорректно указывается время прибытия курьера, это, к сожалению, не позволяет ориентироваться, особенно, если нужно быстро перекусить и бежать.  Но, даже при этом, доставка быстрая, по сравнению с аналогичными",0,0,1,0,0,0,0,0
"В последние разы время, указанное на доставку, и доставка по факту очень сильно отличается. Пожалуйста улучшите скорость доставки или указывайте реальное время доставки",0,0,1,0,0,0,0,0
"Уже второй раз за последнее время не получается оплатить заказ, и так весь день оба раза. Выдаёт ошибку, и далее отмену заказа. А кушать то хочется))",0,0,0,0,0,0,0,1
"Всегда думал, что самокат=качество. Но однажды заказал мясо и пришло протухшее мясо, воняло и было серое и залежавшееся:(",0,0,0,0,1,0,0,0
Курьер едет более [NUM] минут,0,0,1,0,0,0,0,0
"Что заказ задерживается, ассортимент маловат, нет обычных вещей по типу обычный паштет без всего, только паштет, и так далее. Иногда цены намного выше чем покупать в магазине, приходится в любом случае выходить на улицу",1,0,1,1,0,0,0,0
Стала крайне долгая доставка,0,0,1,0,0,0,0,0
"Если бы сервис доставлял на заводы так, как это делают все другие доставки, то",0,0,0,0,0,0,0,0
"В плане доставки, вам нету равных. Но цены и иногда просрочка(я сталкивался)",0,0,0,1,1,0,0,0
"Максимально не клиентоориентированная поддержка. На вопрос когда и почему привезут заказ, ответ невероятен: привезут, ну [NUM]-[NUM] минут. Ничем помочь не могут. Время в приложении отличалось от фактической на [NUM] минут. Указано [NUM], по факту уже прошло [NUM]",0,0,1,0,0,1,0,0
"Каждый раз когда я заказываю мороженое, мне привозят его растаявшим, а как вы знаете, мороженое не рекомендуется перезамораживать. Вот заказала опять, надеюсь на чудо))))))))",0,0,0,0,1,0,0,0
"А последнее время очень ухудшился сервис: медленно, дорого и из-за этого нет той изюминки самоката",0,0,1,1,0,0,0,0
Дорого,0,0,0,1,0,0,0,0
"От момента входа в приложения и добавления в корзину молока и хлеба, минимальная сумма заказа выросла [NUM] раза. Неудобно",0,0,0,0,0,0,0,0
[NUM],0,0,0,0,0,0,0,0
"Продукты хотелось бы более разнообразные, и снизить цены",1,0,0,1,0,0,0,0
круто,0,0,0,0,0,0,0,0
"Если продукта нет на складе, было бы здорово, чтобы клиент узнавал об этом не в момент получения заказа, а еще на этапе его сборки. Возможно, стоило бы присылать уведомления либо звонить и предлагать клиенту альтернативу. Беспокоит качество овощей.",0,0,0,0,1,0,0,0
Нормально расчитывать время доставки заказа. Постоянно курьеры опаздывают,0,0,1,0,0,0,0,0
"Раньше цены были меньше, сейчас цены выше заказываю меньше",0,0,0,1,0,0,0,0
Думаю обещеных [NUM] минут даже и не светит в доставке.,0,0,1,0,0,0,0,0
"Все хорошо, но иногда привозят некачественные овощи и фрукты, которые вот вот испортятся. Нравится, что быстро привозят, есть ассортимент для веганов. Хотелось бы небольшого расширения линейки продуктов.Еще хотелось бы получать скидки за постоянные заказы",1,1,0,0,1,0,0,0
"Очень долго, про заявленные [NUM] минут, просто пишут, по факту пол часа, можно было сбегать в магазин самому",0,0,1,0,0,0,0,0
"Очень крутой и действительно удобный сервис! Однако цены иногда разочаровывают. Особенно когда минимальная цена заказа увеличивается в зависимости от каких-то условий. В таком случае, хотелось бы видеть больше скидок и акций. Ещё иногда доставка подводит(",0,1,1,1,0,0,0,0
Слишком часто опаздываете. Вернее-всегда. В поддержке не возможно добиться никакой информации,0,0,1,0,0,1,0,0
"Сервис очень нравится,но опасаюсь заказывать овощи и фрукты так как качество отвратительное,часто испорченные продукты доставляют. Очень жаль,ведь иногда они нужны",0,0,0,0,1,0,0,0
"Мне нравится удобство самоката. Но иногда цены кусаются, а также хотелось бы иметь возможность видеть, где находится курьер, когда производится доставка.",0,0,1,1,0,0,0,0
"Когда заказывала через сбермаркет  в самокате, доставка как положено [NUM] минут не больше. Но как стала пользоваться приложением, постоянные задержки?? хотя казалось бы один и тот же магазин и один и тот же ассортимент ?? можно сделать больше промокодов",0,1,1,0,0,0,0,0
Дорого и маленький выбор,1,0,0,1,0,0,0,0
Долго стало ждать заказ,0,0,1,0,0,0,0,0
??,0,0,0,0,0,0,0,0
"Молоко всегда не свежее, многих позиций нет в наличии, это очень огорчает",1,0,0,0,1,0,0,0
-,0,0,0,0,0,0,0,0
"ребята, пожалуйста, пополните ассортимент чая, «почти готовых» товаров, снеков, напитков, гигиены и ухода за собой и цены вам не будет ??????",1,0,0,0,0,0,0,0
Неплохо. Но просрочку получила…,0,0,0,0,1,0,0,0
Норм,0,0,0,0,0,0,0,0
"Бананы принесли зелёные , вот как такие ставить на праздничный стол для детей ? Весь праздник коту под хвост",0,0,0,0,1,0,0,0
Несколько раз подряд курьер задерживается на [NUM]-[NUM] минут,0,0,1,0,0,0,0,0
Иногда очень сильно задерживается доставка,0,0,1,0,0,0,0,0
"Если бы мне нужен был новый айфон или наушники, я бы с удовольствием обратила внимание на этот раздел, но мне нужна большая пачка прокладок Always!:( А таковой нет. Во многих похожих разделах приходится выбирать альтернативу вместо привычного:(",1,0,0,0,0,0,0,0
Хотелось бы чтобы сотрудники тщательнее смотрели на внешний вид продуктов ( особенно на зелень). А поддержка тщательнее смотрела количество товара на возврат.,0,0,0,0,1,0,0,0
Иногда салаты просроченные. Доставка долгая,0,0,1,0,1,0,0,0
"Вы никогда не привозите в срок , никогда",0,0,1,0,0,0,0,0
??????,0,0,0,0,0,0,0,0
"Нормально,но иногда приходит просроченная еда …..",0,0,0,0,1,0,0,0
????,0,0,0,0,0,0,0,0
"Нанимаете директоров-истеричичек,которые орут на подчиненных и сеют дизмораль в коллективе.",0,0,0,0,0,0,0,0
"Доставка с конца города приходит быстрее, чем самокат который в том же здании, где и я.",0,0,1,0,0,0,0,0
Слишком маленький ассортимент  Ограниченное количество некоторых товаров,1,0,0,0,0,0,0,0
Очень долгая доставка. За [NUM] минут давно ничего не привозят. В среднем [NUM]-[NUM] минут.,0,0,1,0,0,0,0,0
"Курьер не доставил часть товара, забыл вторую часть в машине, позже позвонил сказал, что доставит и так и не доставил",0,0,1,0,0,0,0,0
Всем довольна,0,0,0,0,0,0,0,0
"удобно заказывать,все относительно хорошо и удобно",0,0,0,0,0,0,0,0
"Хорошая компания, удобная",0,0,0,0,0,0,0,0
Цены пиздец у вас ребята,0,0,0,1,0,0,0,0
"Очень долгая доставка, порой до [NUM] минут. Слишком скудный ассортимент , по сравнению с Яндекс лавкой .",1,0,1,0,0,0,0,0
Лавка лучше,0,0,0,0,0,0,0,0
"Нестабильная доставка, порой глупые курьеры, которые путаются в трех соснах.",0,0,1,0,0,0,0,0
Норм пацаны,0,0,0,0,0,0,0,0
-,0,0,0,0,0,0,0,0
"Очень долго, [NUM] минут это не быстрая доставка",0,0,1,0,0,0,0,0
"Частенько получаю несвежий товар, но служба поддержки реагирует оперативно и помогает",0,0,0,0,1,0,0,0
"Сегодня курьер мне сказал-заказ свой забирайте,он же не мой. Поставил свою сумму в [NUM] от меня просто и непонятно как",0,0,0,0,0,0,0,0
Постоянно задерживается доставка,0,0,1,0,0,0,0,0
"Отвратительно, что ""быстрая "" доставка задерживается на час и никто не предупреждает",0,0,1,0,0,0,0,0
"В целом все хорошо , не очень удобное приложение и курьеры иногда опаздывают )",0,0,1,0,0,0,0,0
Долгая доставка,0,0,1,0,0,0,0,0
Самокат супер,0,0,0,0,0,0,0,0
"Два из трех заказов доставляют очень долго, в два, а иногда в три раза дольше заявленного. Некоторые товары были плохого качества (блины с плесенью)",0,0,1,0,1,0,0,0
Быстро,0,0,0,0,0,0,0,0
"Хороший сервис доставки продуктов, но очень часто не хватает ассортимента и цены на некоторые товары завышены",1,0,0,1,0,0,0,0
"Отразилось сообщение, что скидка на заказ [NUM]% и не понятно как ее припенить",0,1,0,0,0,0,0,0
Слишком завышенные цены,0,0,0,1,0,0,0,0
"В Принципе все хорошо,но один раз нам привезли подгнивший перец  и цены можно сделать поменьше, на какие-то продукты они заоблачные",0,0,0,1,1,0,0,0
"Доставка не нравится больше всего, хочется понимать где курьер и через сколько точно он будет. Часто пишет, что курьер вот вот будет у вас, но на деле это затягивается на [NUM]+ минут",0,0,1,0,0,0,0,0
"В начале вашей работы я даже не выходил в магазин, просто нажал кнопку, и вы успевали за [NUM] мин и собрать заказ и доставить его. А сейчас у вас это все по времени занимает [NUM]-[NUM]мин. И цены выросли в [NUM] раза.",0,0,1,1,0,0,0,0
"Мало ассортимента и цены выше, чем в аналогичных сервисах. Радует, что бесплатная доставка, пользуюсь только из-за этого",1,0,0,1,0,0,0,0
"Самокат - это не сервис экспресс-доставки, концепция испортилась. Доставляли заказ и [NUM] минут, и [NUM].[NUM] часа, поддержка абсолютно ничего не знает и никак не может повлиять. Извинений так и не получила. Теперь заказываю только если нет привязки ко времени.",0,0,1,0,0,1,0,0
хуйня,0,0,0,0,0,0,0,0
"Доставляете дольше, чем заявлено",0,0,1,0,0,0,0,0
"Все нормально, последнее время долгая доставка",0,0,1,0,0,0,0,0
"пусть сотрудники звонят, прежде, чем отменить заказ",0,0,0,0,0,1,0,0
долгая доставка(не [NUM] минут),0,0,1,0,0,0,0,0
"Сегодня делала заказ в [NUM]:[NUM]...по итогу поддержка пишет "" через [NUM] минут ждите курьера,мы опаздываем"" Это адекватное отношение к потребителю?",0,0,1,0,0,1,0,0
"самокат приложение неплохое, но я бы увечила ассортимент товаров и сделала пониже цены, так как некоторые продукты того не стоят, и в любом другом мазаните они в [NUM] раза дешевле",1,0,0,1,0,0,0,0
"в принципе все хорошо, но иногда приезжают не очень свежие продукты",0,0,0,0,1,0,0,0
"Указано, что доставка [NUM] минут, но она всегда задерживается, поэтому занимает от [NUM] минут. Каждый раз. Иногда вообще спустя час говорят ждать еще час.",0,0,1,0,0,0,0,0
"Стала ооочень долгая доставка, а остальное нормально",0,0,1,0,0,0,0,0
Надо улучшить сервис,0,0,0,0,0,0,0,0
крутые,0,0,0,0,0,0,0,0
Очень дорого,0,0,0,1,0,0,0,0
"Изначально влюбилась в самокат за возможность быстро и за бесплатную доставку заказать необходимые наименования, но тут каждый раз доставка от [NUM], а иногда и от [NUM] рублей",0,0,1,0,0,0,0,0
"Доставка [NUM] минут, и всё ещё нет никого, это мощно",0,0,1,0,0,0,0,0
"Удобно, но иногда дороговато)",0,0,0,1,0,0,0,0
"Дороже, чем в других магазинах",0,0,0,1,0,0,0,0
"Ужасная доставку,ОЧЕНЬ ДОЛГО",0,0,1,0,0,0,0,0
Все плохо,0,0,0,0,0,0,0,0
"Минимальная цена заказа слишком увеличилась за поседений год. Курьеры опаздывают на [NUM]-[NUM] минут, а иногда доставляют заказ минут [NUM]. Отдельно хочу сказать, что некоторым курьерам стоит поучится вежливости и начать здороваться.",0,0,1,1,0,0,0,0
Ужас плохое обслуживание,0,0,0,0,0,0,0,0
жопа,0,0,0,0,0,0,0,0
В лавке ощущение будто скролл не такой топорный как у вас. Всё плавнее сильнее. Там блочная ещё получше работает. Вот это поправить и топ будет ??,0,0,0,0,0,0,1,0
"Я понимаю что живу далеко, но за все доставки (около [NUM]-[NUM] штук) мне привозили заказ вовремя только [NUM] раза",0,0,1,0,0,0,0,0
Очень долгая доставка,0,0,1,0,0,0,0,0
Второй раз брала красные апельсины и второй раз они гнилые ??,0,0,0,0,1,0,0,0
"Классно,круто,превосходно",0,0,0,0,0,0,0,0
"Без акций выходит дорого, нет очень многих позиций шоколадки nuts например, энергетики находятся не в холодильнике всегда горячие приходится самому охлаждать, работаете с [NUM], убогая яндекс лавка и то раньше открывается",1,1,0,1,0,0,0,0
…,0,0,0,0,0,0,0,0
Слишком частые задержки доставки!,0,0,1,0,0,0,0,0
.,0,0,0,0,0,0,0,0
Ни разу не приехали вовремя)),0,0,1,0,0,0,0,0
…,0,0,0,0,0,0,0,0
"Испортились. Уже заказываю у вас не так часто. [NUM] раза сталкивалась с некачественным товаром, рыба и курица",0,0,0,0,1,0,0,0
"Все супер,качество овощей фрукто и всего что быстро портится отвратительно всегда старое",0,0,0,0,1,0,0,0
Цены завышены,0,0,0,1,0,0,0,0
?????,0,0,0,0,0,0,0,0
"Часто кладёте товары с истекающим сроком годности (товары не из раздела распродажи). Сильно страдает качество: то огурцы полужухлые, то ананас зеленый, то хлеб трехдневной давности, то еще что-то. Спасает только ассортимент и скорость (не всегда)",0,0,1,0,1,0,0,0
Ужасно. Опоздали на [NUM] минут,0,0,1,0,0,0,0,0
Становитесь хуже,0,0,0,0,0,0,0,0
Вы классные :з,0,0,0,0,0,0,0,0
Чуть-чуть пооперативнее,0,0,0,0,0,0,0,0
"больше ассортимент готовый еды, лучшее качество готовкой еды",1,0,0,0,1,0,0,0
Привозите мне всё вот-вот с истекшим сроком годности,0,0,0,0,1,0,0,0
"Начали прекрасно, через год сдулись",0,0,0,0,0,0,0,0
Привет,0,0,0,0,0,0,0,0
Фрукты зеленые,0,0,0,0,1,0,0,0
"Можно позвонить , если товара нет в наличии и предложить замену , а не просто брать его и убирать из заказа. И делать это без предупреждения",0,0,0,0,0,1,0,0
почему то очень очень долгая доставка в мой дом…,0,0,1,0,0,0,0,0
"Очень часто курьеры опаздывают. Если такое происходит нужно проявлять какую то лояльность к клиенту, скидка или кэшбек",0,0,1,0,0,0,0,0
"Удобное приложение, быстрая доставка, но к сожалению ассортимент проигрывает у конкурентов",1,0,0,0,0,0,0,0
"Продукты всегда свежие. Не нравится что вечером цены поднимаются очень сильно, нужно например что то срочно заказать и бюджет ограничен, а цена около [NUM] р. Продукты быстро раскупают, и выбрать не из чего. Высокая цена на некоторые продукты.",0,0,0,1,0,0,0,0
подняли цены,0,0,0,1,0,0,0,0
Ужасно долгая доставка!,0,0,1,0,0,0,0,0
"Продукты под брендом самокат нужно убрать в отдельную категорию, и расширить ассортимент другой продукции, других брендов",1,0,0,0,0,0,0,0
"Склад с которого нам привозят очень плохой. Овощи и зелень всегда гнилые и с плесенью. Доставка очень долгая, хотя вы позиционируете как быстрая доставка. Расширить ассортимент мяса, других фирм.",1,0,1,0,1,0,0,0
Вы очень сильно испортились!,0,0,0,0,0,0,0,0
На молочке срок годности остался [NUM] дня!,0,0,0,0,1,0,0,0
"Доставка - просто ужас. Курьеры никогда не читают комментарии к заказу. Написано «звонить консьержу», звонят всегда в квартиру??????? доставка, чаще всего, очень долгая, в центре постоянно повышенный спрос с огромными минимальными суммами заказа.",0,0,1,0,0,0,0,0
все класс,0,0,0,0,0,0,0,0
Ужас а не сервис!,0,0,0,0,0,0,0,0
"Заявленые [NUM] минут доставки превращаются в [NUM] минут, я бы уже в магазин сама сходила два раза за это время. Плюс ко всему, увеличивается сумма заказа.",0,0,1,0,0,0,0,0
Все хорошо.  Но иногда деньги на ветер испорчен,0,0,0,0,1,0,0,0
"Заказ обещают привезти за [NUM] минут, привозят за [NUM],[NUM]-[NUM] часа, взамен предлагают скидку -[NUM]%….",0,1,1,0,0,0,0,0
"Доставка раньше была быстрее, щас долше",0,0,1,0,0,0,0,0
Стали очень долго доставлять,0,0,1,0,0,0,0,0
"Меня не устраивает, что нельзя связаться с курьером. Очень неудобно выбирать. За качество не всегда ответственны. Особенно овощи могут придти плохого качества. Цены высокие.",0,0,1,1,1,0,0,0
Нужно больше разнообразия готовой еды,1,0,0,0,0,0,0,0
"Очень плохой выбор хлеба, чаще всего не делаю заказ из-за того, что весь хлеб очень искусственный. Плюс пропал мой любимый язычок. Я бы предупреждала об исчезновении товара пользователей, которые добавили его в избранное",1,0,0,0,0,0,0,0
??,0,0,0,0,0,0,0,0
"Долгая доставка,высокий спрос",0,0,1,0,0,0,0,0
Два последних раза вместо [NUM] минут доставка превысила полчаса :((,0,0,1,0,0,0,0,0
"Мало куда могут доставлять, что очень грустно",0,0,0,0,0,0,0,0
"Очень удобный сервис, но хромает поддержка с их ответами по скрипту, также бывает привозят испорченные продукты, у которых явно был нарушен способ хранения. К курьерам претензий нет.",0,0,0,0,1,1,0,0
"До шелковичного проезда [NUM] доставка долгая( было бы прекрасно, если бы скорость увеличилась, а время сократилось",0,0,1,0,0,0,0,0
Норм,0,0,0,0,0,0,0,0
"В последнее время очень часто привозят некачественные продукты, испорченные, с нарушением упаковки, самокат уже не тот, друзьям больше не рекомендую, наоборот выбираем другие варианты доставки чаще",0,0,0,0,1,0,0,0
доставка постоянно задерживается,0,0,1,0,0,0,0,0
"Очень долгая доставка, не соответствует таймеру",0,0,1,0,0,0,0,0
"Все хорошо! Но прежде чем собрать какой либо продукт , нужно проверять его качество. Первый раз заказала и первый раз так осталась не довольна.",0,0,0,0,1,0,0,0
Везете заказ по часу хотя заявлено [NUM] минут,0,0,1,0,0,0,0,0
Хуйня собачья,0,0,0,0,0,0,0,0
"Курьеры постоянно задерживаются, поддержка отвечает раз через раз, раз обещаете доставку [NUM] минут, так увеличите количество курьеров, чтобы соответствовать своим обещаниям, а не предоставлять ожидание в [NUM] минут",0,0,1,0,0,0,0,0
"все хорошо, но выбор не большой и доставка частенько задерживается сильно",1,0,1,0,0,0,0,0
очень долгая стала доставка,0,0,1,0,0,0,0,0
"Доставка стала очень долгая, пятерка стала быстрее доставлять. Хотя они не обещают за [NUM] мин",0,0,1,0,0,0,0,0
Не влазит,0,0,0,0,0,0,0,0
"ПОДДЕРЖКА толком не работает, пишите что скидка на сумму от [NUM] и в итоге нефига, зачем писать о скидках если вы сами их и не даете?",0,1,0,0,0,1,0,0
"В приложении может отображаться время доставки [NUM] минуты, по факту пройдёт больше [NUM]",0,0,1,0,0,0,0,0
"Долгая доставка, поддержка ничем не помогает",0,0,1,0,0,1,0,0
Постоянные задержки доставки. Все планы и график просто рушатся,0,0,1,0,0,0,0,0
"Очень дорогая минимальная цена ! Если не уменьшите заказывать не буду, а я между прочим играю в Премьер Лиге по футболу",0,0,0,1,0,0,0,0
Долгоооо,0,0,1,0,0,0,0,0
Хорошая доставка,0,0,0,0,0,0,0,0
Доставка постоянно задерживается жду по [NUM] минут,0,0,1,0,0,0,0,0
:),0,0,0,0,0,0,0,0
"Очень часто задержки,живем у базы и все равно чаще везут [NUM]-[NUM] минут.овощи всегда в плохом качестве",0,0,1,0,1,0,0,0
"Долгая доставка, неправиное время доставки",0,0,1,0,0,0,0,0
"Недавно делала заказ, указала, чтоб отправили все свежее. Но…, привезли батон [NUM]-х дневной давности! При всем желании его не съесть за [NUM] день, потом он уже не подходит для употребления ( тем более маленьким детям)! Очень расстроена!",0,0,0,0,1,0,0,0
"Живу в самом центре города, доставка порой занимает час , а может и больше, часто могут привезти гнилые овощи/фрукты",0,0,1,0,1,0,0,0
"Куда исчез раздел «супермаркет»? Добавьте в раздел «экспресс»силикагелевый инаполнитель для кошек. Было бы удобно нахождение курьера отслеживать на карте, а то опаздывают часто, а приложение пишет «вот вот будет»",1,0,1,0,0,0,1,0
"Пиво безалкогольное Балтика [NUM] стоит [NUM]?, хотя везде стоит не больше [NUM]?! Жлобы",0,0,0,1,0,0,0,0
Привет я на тебя подписан я на твой тик токи я на твой профиль подписано и на твой тик на мой твой аккаунт и ты мой самый любимый мой друг и у него тоже есть у меня тоже есть у него у тебя в телефоне есть у меня в тик токи у,0,0,0,0,0,0,0,0
Приложение не грузит картинку,0,0,0,0,0,0,1,0
"Я думаю, что вам нужно использовать упаковку товаров пригодную для переработки. А так же указывать это в карточке товаров. Усовершенствовать доставку, чтобы отсутствовали пластиковые пакеты.",0,0,0,0,0,0,1,0
"Цены слишком завешены чем в супермаркетах, мало выбора. Мало акции и скидок.",1,1,0,1,0,0,0,0
"Добрый день. Раньше доставка была за [NUM]-[NUM] минут, можно было заказать немного. Сейчас доставка [NUM]-[NUM] минут и ограничения на сумму заказа. Весь смысл быстрой доставки того чего нехватает теряется. За [NUM]-[NUM] часа сейчас все доставляют. Спасибо ;)",0,0,1,0,0,0,0,0
"Долгая доставка, раньше было лучше, в поддержке грубят и сбрасывают, долго возвращают деньги, а так супер",0,0,1,0,0,1,0,0
Доставка плохо работает.,0,0,1,0,0,0,0,0
"Очень часто привозят несвежие овощи, на складе не следят за сроком годности продуктов",0,0,0,0,1,0,0,0
"Делаем заказ только из-за круасанов и вероятности быстрой доставки. Но доставка тоже не всегда очень быстрая. Заказывала овощи - ужасные. Деревянное авокадо, Помидоры черри зеленые - выбросила овощи и деньги",0,0,1,0,1,0,0,0
"Подскажите, а тут мимо вас не пробегало стадо баранов? - А ты отстал что ли?",0,0,0,0,0,0,0,0
долгая доставка,0,0,1,0,0,0,0,0
Молодцы,0,0,0,0,0,0,0,0
"Нормально, но можно намного лучше, быстрее и качественнее",0,0,0,0,0,0,0,0
"Очень долго везут заказ, задерживают. Я очень опаздываю, уже почти нет времени ждать.",0,0,1,0,0,0,0,0
Долгая доставка,0,0,1,0,0,0,0,0
"Долго доставка. Даже когда пишете «вот-вот будет у вас», может приехать минут через [NUM]",0,0,1,0,0,0,0,0
"По продуктам все хорошо.Но доставка это вообще что то отдельное,написано привезем за [NUM] минут везут час а то и больше и ладно было бы это пару раз ,но нет это повторяется через день ,а доставкой пользуемся часто.",0,0,1,0,0,0,0,0
"В последнее время ,всегда задержка с заказом . Приводят продукты ,но спустя два дня уже испорчены ( хотя холодильник с нужной температурой и срок годность на продуктах не истек )",0,0,1,0,1,0,0,0
"Почему-то кажется ваш сервис менее удобный по использованию и выбору товаров, чем Лавка. Ранее использовала только Самокат, теперь перешла в Лавку и к вам возвращаюсь только если там раскупили продукты необходимые мне.",1,0,0,0,0,0,0,0
Курьеры оооооооочеень ооочень долгие,0,0,1,0,0,0,0,0
"Дорого, долго.",0,0,1,1,0,0,0,0
Сука каждый заказ с опозданием,0,0,1,0,0,0,0,0
"Все отлично, кроме отношения компании к курьерам, очень жалко ребят, которые катаются и в дождь и в жару с нереально тяжёлыми рюкзаками. Ужасное отношение компании к своим работниками(",0,0,0,0,0,0,0,0
"Практически нет реальных скидок, по сути товар продается по обычной или завышенной цене",0,1,0,1,0,0,0,0
Раньше минимальная сумма заказа была меньше,0,0,0,0,0,0,0,0
Слишком большая накрутка цен.,0,0,0,1,0,0,0,0
"Раньше вы доставляли заказы за [NUM]-[NUM] минут, сейчас только сбор заказа идет [NUM]-[NUM] минут, а доставка суммарно занимает [NUM]+ минут. Увеличьте, пожалуйста, штат курьеров. Количество заказов увеличивается, а курьеров, видимо, столько же, если не меньше.",0,0,1,0,0,0,0,0
"Очень завышенные цены, маленький ассортимент, сильно отличающийся от району к району, мало акций",1,1,0,1,0,0,0,0
"Когда не в первый раз привозят заказ с ошибками, и вместо решения предлагают скидку, потом таки решают проблему с моего настояния, а потом в скидке отказывают ""за неимением технических возможностей"" это непрофессионально. Разочарована.",0,0,1,0,0,1,0,0
Что минимальная сумма заказа была от [NUM].,0,0,0,0,0,0,0,0
Думаю что пора оставлять комментарии к товару. Так будет понятнее стоит это брать или нет. Улучшить хранение на цфз т. К товар часто приезжает испорченным. Судя по всему сборщики плохо обучены раз не замечают вздутый товар.и много ещё чего.потекстунехват,0,0,0,0,1,0,0,0
"Непонятно как работают промокоды, вводишь он уже пишет что цена на товары уже самая выгодная . А зачем тогда протоколы нужен, если его не применить",0,1,0,0,0,0,0,0
??,0,0,0,0,0,0,0,0
Неплохая доставка,0,0,0,0,0,0,0,0
Одно из лучших приложений по доставке,0,0,0,0,0,0,0,0
Все время задерживают заказы по времени. Ужасно,0,0,1,0,0,0,0,0
Хорошая служба доставки,0,0,0,0,0,0,0,0
"ОТВРАТИТЕЛЬНО!!! [NUM]ч ожидания заказа против заявленных [NUM],[NUM]ч - это беспредел.",0,0,1,0,0,0,0,0
Все супер,0,0,0,0,0,0,0,0
!,0,0,0,0,0,0,0,0
Привозите залежалый товар с истекающими сроками годности,0,0,0,0,1,0,0,0
В последние пол года сильно ухудшилась скорость доставки. Заказы стали чаще приезжать через [NUM] - [NUM] минут вместо [NUM].,0,0,1,0,0,0,0,0
Не очень доставка,0,0,1,0,0,0,0,0
Ни компетентны,0,0,0,0,0,1,0,0
"Очень часто задержки либо курьера, либо склада, что не очень хорошо! Смысл писать что [NUM] мин, если не укладываетесь в это время?",0,0,1,0,0,0,0,0
Очень долго,0,0,1,0,0,0,0,0
Что за курьеры у вас. Приперся и стоит за дверью. Мне нужно идти искать по подъезду его или как он себе это представляет?!,0,0,0,0,0,0,0,0
"Не очень хорошая работа службы поддержки, долгие ответы, часто - стоит высокая минимальная стоимость для заказа, часто - долгая доставка",0,0,1,0,0,1,0,0
Долгое ожидание,0,0,1,0,0,0,0,0
"Все нравится, кроме скорости доставки. Капец как долго, хотя люблю вас, но так долго ждать(((((",0,0,1,0,0,0,0,0
"Нет никакой гарантии, что заказ будет доставлен вовремя, часто , очень часто подводите со временем. Это очень портит впечатление",0,0,1,0,0,0,0,0
"Сервис подиспортился-стала долгая доставка [NUM],[NUM] часа ! [NUM] час ! Условия доставки : от [NUM] р , от [NUM] р ? С чего ради ? По первости махом все доставляли и без всяких : от [NUM] р Крем суп сырный - часто привозят неподобающего качества , видимо разбавляют водой",0,0,1,1,1,0,0,0
Долгая доставка ??,0,0,1,0,0,0,0,0
Нет заказа,0,0,1,0,0,0,0,0
мицелярка [NUM] рублей за что,0,0,0,1,0,0,0,0
Ужасно невнимательные курьеры! Тумблер «ОСТАВИТЬ ВОЗЛЕ ДВЕРИ» игнорят максимально все!!!!,0,0,1,0,0,0,0,0
Очень долгая доставка,0,0,1,0,0,0,0,0
Магазин крутой. Доставка дизлайк.,0,0,1,0,0,0,0,0
детское питание постоянно привозите а на след день срок кончается !,0,0,0,0,1,0,0,0
Не выполняется обеденное время доставки в [NUM]%.,0,0,1,0,0,0,0,0
"В посл-ее время много ошибок со стороны доставки.Очень долго везут заказы и отменяют по причине не дозвона,ссылаясь на клиента.Хотя ошибка на стороне вашего сервиса.Технические неполадки звонков,не являются основанием для отмены доставки ожиданием в час!",0,0,1,0,0,1,0,0
"раньше все было супер, каждый день пользовался доставкой. А сейчас именно по моему адресу сделали доставку исключительно от [NUM] рублей, абсолютно всегда, независимо от времени. Прошу разобраться с этим",0,0,0,0,0,0,0,1
"Все круто, супер сервис. Единственный минус- цены на [NUM]-[NUM]% выше средней по городу",0,0,0,1,0,0,0,0
"Последнее время всегда больше [NUM] минут, путают заказы",0,0,1,0,0,0,0,0
"Очень часто стали задерживаться, раньше было всё оперативно",0,0,1,0,0,0,0,0
"Иногда доставка может достигать до часу, вместо обещанных [NUM] минут.",0,0,1,0,0,0,0,0
"Хороший сервис, но нужно поработать с условиями хранения  товаров и доставкой",0,0,1,0,1,0,0,0
"Раньше приезжал курьер минут за [NUM], а теперь приходиться ждать по [NUM] минут и больше",0,0,1,0,0,0,0,0
В целом все не плохо,0,0,0,0,0,0,0,0
Доставку можно сделать быстрее.!,0,0,1,0,0,0,0,0
"Вы абсолютно не клиентоориентированны, вам все равно на людей, сколько они вас будут ждать, почему вы пишите [NUM] минут, а приносите за час, вы даже пальцем не пошевелите, чтобы что-то сделать для клиента, у вас нет технической возможности и на этом все",0,0,1,0,0,0,0,0
"Все замечательно, за исключением последней доставки. Мы не видим времени ожидания-Курьер опаздывает,курьер скоро будет…В итоге ждём и опаздываем теперь сами.",0,0,1,0,0,0,0,0
"Ассортимент вообще никакой, доставка зачастую дольше, чем обещаете, товар часто приходит в тухлом состоянии, которое тяжело не заметить при сборке - значит специально тухляк кладете. И наймите больше операторов, чтобы отвечали своевременно,а не через [NUM]-[NUM]ч",1,0,1,0,1,1,0,0
Быстрая удобная доставка,0,0,0,0,0,0,0,0
"Самая быстрая, но самая дорогая доставка",0,0,0,1,0,0,0,0
Доставка у вас быстрая и бесплатная - это плюс. Вот цена завышена на многие продукты.,0,0,0,1,0,0,0,0
"Побольше качества, поменьше цены ??",0,0,0,0,1,0,0,0
"Курьеры не звонят в домофон. Хотя это главное, когда понимаешь, что курьер приехал",0,0,0,0,0,0,0,0
"мне нравится ваш магазин, и тут очень классные курьеры!!!!!",0,0,0,0,0,0,0,0
??,0,0,0,0,0,0,0,0
Долго доставляете,0,0,1,0,0,0,0,0
"[NUM].Доставка не всегда быстрая, как пишут на момент заказа. Клиент при заказе рассчитывает на определенное время. [NUM]. Цены дороже , чем в Яндекс маркет [NUM], на [NUM]%. [NUM]. Маленький ассортимент товаров. [NUM]. Суммы заказа постоянно меняются от [NUM]р; [NUM]р и тд.ужас",1,0,1,1,0,0,0,0
Ничего хорошего,0,0,0,0,0,0,0,0
Напрягает минимальная сумма заказа,0,0,0,0,0,0,0,0
Нету промокодов для постоянных клиентов обидно,0,1,0,0,0,0,0,0
Заказ очень долго. Курьер закрыл заказ раньше чем доставил,0,0,1,0,0,0,0,0
"В принципе неплохо, но очень често привозят продукты в отвратительном состоянии и качестве. К примеру заказывали салаты, [NUM] из [NUM] просто выкинули, фунчоза чистое масло, отвратительно, морковка с спаржей тоже очень странный вкус, цезарь буд-то куры поклевали",0,0,0,0,1,0,0,0
Мне очень всё нравятся но очень долгая сборка заказа и иногда товаров нету,0,0,1,0,0,0,0,0
"Хотелось бы, чтобы была возможность отслеживать доставку. То есть видеть, где именно едет курьер. Также стоит поработать над службой поддержки, не раз сталкивалась с холодными скриптами",0,0,1,0,0,1,0,0
Ужас,0,0,0,0,0,0,0,0
"Доставка занимает больше времени, чем вы пишите .",0,0,1,0,0,0,0,0
"Часто курьеры задерживаются, но самокат никак это не компенсирует",0,0,1,0,0,0,0,0
Да в целом все норм но есть нюансы с доставкой курьера и ассортимент продуктов !,1,0,1,0,0,0,0,0
Ценв дорогие,0,0,0,1,0,0,0,0
"К сожалению не редкость, что задерживают доставку привозят не самые качественные продукты, а когда звонишь в поддержку говорят сами виноваты надо было на месте проверять всё продукты...",0,0,1,0,1,0,0,0
Очень долгая доставка,0,0,1,0,0,0,0,0
"Требуется работа по сети доставки, соблюдения сроков, комплектации и обязательно времени доставки!",0,0,1,0,0,0,0,0
Тормознутые курьеры .,0,0,1,0,0,0,0,0
"Отличный сервис. Радует изобилием товара. В последнее время будто стала дольше доставка. Мне кажется, что более высокие цены должны отразиться на скорости доставки. Допустим из некой «конторы Я» в последнее время приезжает за то же время, что и из самокат",0,0,1,0,0,0,0,0
Доставка стал хуже. Занимает намного больше время тепер,0,0,1,0,0,0,0,0
Доставка долгая,0,0,1,0,0,0,0,0
"Очень удобно , что можно не ходить в магазин , но лучше убрать «позицию» доставки за [NUM], когда в большинстве случаев это не так )",0,0,1,0,0,0,0,0
"Не хватает фильтров для поиска продуктов по категориям, например, ""без сахара"". Во вкусвилл такой есть и это очень удобно. Также из-за большой минимальной суммы заказа приходится заказывать в других магазинах.",0,0,0,0,0,0,1,0
"Скатились, долгая доставка, качество товара упало",0,0,1,0,1,0,0,0
Побольше акций и удобнее приложение,0,1,0,0,0,0,1,0
"Доставка стала очень долгой. Пару раз ждали час-полтора, хотя заказывали быструю, а не из супермаркета. Это раздражает и отбивает желание пользоваться вашими услугами, хотя по началу мы так радовались возможности быстро получать продукты(",0,0,1,0,0,0,0,0
"Трэш и жуть, но некоторые продукты есть только у вас. Приходится терпеть",0,0,0,0,0,0,0,0
"Доставка чаще всего занимает больше указанного времени, иногда и по [NUM] минут и по часу.",0,0,1,0,0,0,0,0
"В основном все прекрасно, но побольше бы ассортимента)",1,0,0,0,0,0,0,0
"Плюсом является быстрая доставка. Но качество и доставка продуктов отвратительные. Фрукты и овощи гнилые или испортятся на следующий день даже в холодильнике. При доставке всё раскрыто, плохо запаковано и разбросано.",0,0,0,0,1,0,0,0
-,0,0,0,0,0,0,0,0
Норм,0,0,0,0,0,0,0,0
Качество продуктов страдает … очень часто привозят испорченную еду,0,0,0,0,1,0,0,0
В последнее время доставляются только испорченные или просроченные товары. Если Вы не улучшите качество продуктов - растеряете всех клиентов.,0,0,0,0,1,0,0,0
Фрукты и овощи часто в полу-мертвом состоянии приезжают :(,0,0,0,0,1,0,0,0
Ни разу заказ не был доставлен в обещанные [NUM] мин. Максимум за [NUM] мин. И это очень печально.,0,0,1,0,0,0,0,0
Периодически случаются задержки с заказом. Как например сегодня. Заказ до сих пор не приехал,0,0,1,0,0,0,0,0
"Ужасно,было [NUM] с чем то бонусов спасибо,решила оплатить ими,сумма выходила на [NUM]р,а по итогу [NUM],пришлось откладывать товар,а бонусы все равно все списали",0,0,0,0,0,0,0,1
Было много случаев доставки испорченной готовой еды в офис. Техподдержка при обращении просто начислила стоимость продукта. В данном случае нужно исключить некачественные продукты и покупателям начислять бонус побольше в качестве компенсации.,0,0,0,0,1,0,0,0
дороговато по сравнению с конкурентами,0,0,0,1,0,0,0,0
долгая доставка,0,0,1,0,0,0,0,0
Долго,0,0,1,0,0,0,0,0
"Очень часто продукты несвежие, испорченные, как будто не соблюдались условия хранения. Это очень расстраивает. Уже сформировалась определённая категория продуктов, которые в самокате я выбрала не заказывать по этой причине",0,0,0,0,1,0,0,0
"Ждал продукты [NUM],[NUM] часа. Если бы знал, не заказывал. В приложении нет никакой информации по времени заказа. Приходится писать в поддержку.",0,0,1,0,0,1,0,0
"Курьеры иногда предлагают завершить заказ не доставив его. Товары привозят иногда в плохом качестве (морковь, лук с плесенью)",0,0,1,0,1,0,0,0
Долгая доставка /не видно местоположение курьера,0,0,1,0,0,0,0,0
"Не дотягивает качеством до ""богатых"" и ленивых, ценником до бедных и ленивых. Небольшой ассортимент, поесть нечего, легче в столовку сходить, порции микроскопические.",1,0,0,1,0,0,0,0
"Качество продуктов бренда Самокат, оставляет желать лучшего. За высокую цену, все продукты бренда ужасно не качественные. Продукты сторонних бредов и скорость, плюс абсолютно бесплатная доставка от [NUM]р, это приятно и удобно. Думаю вы в курсе о качестве.",0,0,0,1,1,0,0,0
"Разделы с веганской и безглютеновой едой есть скорее для галочки, продуктов там совсем мало + часто большая часть из них это кофе/чай. В остальном все неплохо",1,0,0,0,0,0,0,0
"Продукты приезжают иногда не очень хорошего качества, с плохим сроком годности, твердые авокадо, забывают класть продукты, приходиться связываться с поддержкой, которая долго отвечает, бывает доставляют за полтора часа, пиздец вообще",0,0,1,0,1,1,0,0
"Нравится самокат за свой ассортимент, много того, что не найдёшь в обычном магазине; хорошие цены; не нравится что часто заказать можно от какой от определённой суммы; что доставка стала часто опаздывать",0,0,1,0,0,0,0,0
"Удобно, цены очень сильно меняются, например: сегодня я могу купить печенье за [NUM] рублей, а завтра в два или три раза дороже",0,0,0,1,0,0,0,0
"Так то всё отлично , но хотелось бы более свежие продукты :)",0,0,0,0,1,0,0,0
"Исключение товара из списка необходимо производить с согласия клиента, иногда заказываешь именно из за товара, которого по итогу нет в наличии. Можно ведь связаться, предложить замену. Сервис не доработан. Сегодня очень разочаровалась заказом",0,0,0,0,0,1,0,0
Всё нормально,0,0,0,0,0,0,0,0
"Была бы рада расширению ассортимента в категории натуральные продукты (замороженные чаи, домашние замороженные полуфабрикаты)",1,0,0,0,0,0,0,0
"Часто не доставляют во время, иногда привозят не полностью Заказ или не то что заказал",0,0,1,0,0,0,0,0
Ужас ! Начали за здравие -закончили за упакой,0,0,0,0,0,0,0,0
Ничего,0,0,0,0,0,0,0,0
"Время доставки дольше указанного в [NUM] случаев из [NUM]; ассортимент сильно уже, чем в той же Яндекс Лавке",1,0,1,0,0,0,0,0
Не всегда свежая продукция,0,0,0,0,1,0,0,0
Много чего овощи фрукты испорченные доставляют,0,0,0,0,1,0,0,0
Бывает долгая доставка,0,0,1,0,0,0,0,0
"Время доставки категорически не соблюдается. При оформлении пишется, что [NUM] минут, по-факту за последние [NUM] месяцев [NUM] раз только доставили в течение [NUM] минут. Тикже напрягает, что часто минимальная сумма заказа [NUM]-[NUM] р, а тебе нужно по-факту пару позиций",0,0,1,0,0,0,0,0
"Если курьер не смог дозвониться, заказ сразу отменяется. При том, что я всегда указываю максимум информации для него и вообще нет нужды звонить. И приходится ждать снова.",0,0,1,0,0,1,0,0
Удобно и просто,0,0,0,0,0,0,0,0
Очень дорого,0,0,0,1,0,0,0,0
"Долгая доставка. Пишут [NUM] минут, везут [NUM]",0,0,1,0,0,0,0,0
"Раньше было удобно:[NUM]) можно заказать небольшое количество продуктов/сейчас приходится заказывать ненужные продукты, что бы войти в мин.сумму заказа [NUM]-[NUM] рублей. В таком случае легче заказать Яндекс лавку. [NUM]) время доставки- раньше бы быстрее. Итдлимит",0,0,1,0,0,0,0,0
"быстрая доставка,очень круто,все нравится",0,0,0,0,0,0,0,0
Все плохо,0,0,0,0,0,0,0,0
Очень долго все доставляется падлы вы этакие !!!!,0,0,1,0,0,0,0,0
"Доставка долгая раньше была [NUM]минут теперь [NUM] хотя ехать тут не особо далеко , написала в поддержку ТГ, бот ответил что зовёт оператора но он так и не пришёл",0,0,1,0,0,1,0,0
Часто провозить просрочку,0,0,0,0,1,0,0,0
"Пидорасы, опаздпли",0,0,1,0,0,0,0,0
"Постоянные задержки, постоянные оправдания с поддержки. Если вы себя рекомендуете как быструю доставку так выполняйте свой рекламный слоган, если не можете выполнить свои условия, тогда не нужно кричать из каждого утюга что у вас доставка от [NUM] минут.",0,0,1,0,0,0,0,0
Супер,0,0,0,0,0,0,0,0
"В целом, более менее пойдет. Но доставка очень часто задерживается, что очень некомфортно. Хотелось бы более разнообразного ассортимента, касаемо готовой еды. Качество ее тоже хотелось бы улучшить и размер порций.",1,0,1,0,1,0,0,0
"Декларировали [NUM] минут, по факту пошло [NUM], курьеру даже не передали…",0,0,1,0,0,0,0,0
"Не удобно платить чаевые, включите их в общий чек, сделайте опцию оставлять заказ у двери, добавьте баранок с маком и печенья не вашего производства, у вас не очень. Спасибо, что становитесь лучше, орехов с плесенью и червями давно не было, спасибо!",0,0,1,0,0,0,0,1
Л,0,0,0,0,0,0,0,0
"Удобно, но иногда слишком дорого и долго.",0,0,1,1,0,0,0,0
ничего не думаю,0,0,0,0,0,0,0,0
Пидоры,0,0,0,0,0,0,0,0
"Не качественный персонал, все время опаздывает! Приложение работает в плохом режиме, через раз дозваниваются!Надо работать над качеством,продукты продаются в магазинах",0,0,1,0,0,0,0,0
Клиентоориентированность скатилась просто в ноль.,0,0,0,0,0,0,0,0
"Пишете, что доставка [NUM] мин, а по факту дольше.",0,0,1,0,0,0,0,0
Раньше доставка была почти мгновенная. Сейчас бывает по [NUM]-[NUM] минут,0,0,1,0,0,0,0,0
Зачет,0,0,0,0,0,0,0,0
Вместо получаса заказ иногда везут час,0,0,1,0,0,0,0,0
Очень долго,0,0,1,0,0,0,0,0
Хо ро шо,0,0,0,0,0,0,0,0
"Приложение работает плохо, постоянно тормозит или зависает, скудный ассортимент",1,0,0,0,0,0,1,0
[NUM] минут ждём заказ на [NUM] напитка и мороженых из раздела доставки за [NUM] минут!!! Поддержка завтраками кормит,0,0,1,0,0,0,0,0
"Раньше готовая еда была вкусная. Сейчас изменилась в худшую сторону. А с доставкой вечные проблемы, задерживают почти всегда.",0,0,1,0,1,0,0,0
Курьеры просто пиздос,0,0,0,0,0,0,0,0
"Ненавижу, когда приходится ждать вместо [NUM] минут - час. Ещё никто не извиняется.",0,0,1,0,0,0,0,0
Вы лучшие,0,0,0,0,0,0,0,0
"Долгая доставка,  раньше скидку давали за задержку",0,0,1,0,0,0,0,0
"Хотелось бы получать продукты свежими, а не с почти истекшим сроком годности. То же самое могу сказать о фруктах/овощах.",0,0,0,0,1,0,0,0
"Если сравнивать с лавкой, где быстрее доставка, качественнее продукты и никогда не бывало такого чтоб заказ собрали не правильно, что-то не доложили вовсе и тд., то да, самокату есть еще куда расти и расти.",0,0,1,0,1,0,0,0
"Я стала гораздо реже заказывать у вас продукты, так как ваше основное преимущество в [NUM] минут испарилось. А поддержка только отписывалась, что не хватает курьеров, а также [NUM] минут это минимальное время и мне нужно в какой-то договор на сайте заглянуть.",0,0,1,0,0,0,0,0
"Доставка задержалась. Качество еды,  особенно порезка овощей в салатах улучшить",0,0,1,0,1,0,0,0
Долго доставляют. Часто задержки.,0,0,1,0,0,0,0,0
Привозят не свежий хлеб. С поддержкой вообще не связаться,0,0,0,0,1,1,0,0
Верните деньги!,0,0,0,0,0,0,0,0
"Красную рыбку хочется, не дорого что бы",1,0,0,1,0,0,0,0
срань,0,0,0,0,0,0,0,0
"Очень часто доставка занимает около часа, хотя вы позиционируетесь как самые быстрые. Яндекс лавка гораздо быстрее доставляет товар. К тому же там и цены часто ниже.",0,0,1,1,0,0,0,0
Очень маленький ассортимент,1,0,0,0,0,0,0,0
норм,0,0,0,0,0,0,0,0
Слишком долго собираются заказы,0,0,1,0,0,0,0,0
Дорого,0,0,0,1,0,0,0,0
Не привозят во время,0,0,1,0,0,0,0,0
"Изначально круто было, потом качество начало падать",0,0,0,0,1,0,0,0
Очень нравится быстрая доставка,0,0,0,0,0,0,0,0
"Уже много раз подряд курьер задерживается, в прошлый раз опоздал больше чем на час",0,0,1,0,0,0,0,0
Очень дорого,0,0,0,1,0,0,0,0
"Слишком высокая цена минимальной суммы заказа, хотелось скидок больше",0,1,0,0,0,0,0,0
"Постоянно очень долгая доставка , бывает ждешь по [NUM]-[NUM] минут , это огорчает , раньше доставляли менее , чем [NUM] минут .",0,0,1,0,0,0,0,0
"Удобный сервис, с немного завышенными ценами. В случае перегрузки поддержка вообще не отвечает. Часто привозят продукты не очень хорошего качества(гнилые овощи, фрукты, мятые продукты).",0,0,0,1,1,1,0,0
Качество фруктов не всегда хорошее,0,0,0,0,1,0,0,0
"Последний заказ доставляли час! Курьер перепутал адрес, и мы потратили кучу времени на выяснение!",0,0,1,0,0,0,0,0
"В том году летом заказы доставляли за [NUM] мин, это было оч быстро, сейчас чуть дольше, и хотелось бы ассортимент побольше.",1,0,1,0,0,0,0,0
"Ассортимент оставляет делать лучшего. при доставке заказа в приложении написано «курьер будет у вас вот-вот» в итоге стоишь и ждешь его еще мин [NUM], вместо того что бы заниматься работой.",1,0,1,0,0,0,0,0
"Очень долгая доставка, постоянно задерживаетесь",0,0,1,0,0,0,0,0
"Очень довольны платформой, но часто бывает перегруз, очень не хочется свой заказ в два раза больше, чем указано",0,0,1,0,0,0,0,0
"Думаю, что вы очень долгие стали, вместо [NUM] минут бывает ждешь [NUM]. Яндекс гораздо быстрее",0,0,1,0,0,0,0,0
Мороженное испортилось. Цены все растут.,0,0,0,1,1,0,0,0
"Дороговато и очень маленький ассортимент, оч мало товаров, которые есть в обычном магазине их у вас нет",1,0,0,1,0,0,0,0
Хреновые курьеры,0,0,0,0,0,0,0,0
"вечные проблемы с доставкой, пишут [NUM]-[NUM] минут, а по факту до двух часов, невозможно отследить курьера",0,0,1,0,0,0,0,0
"Хорошо, НО... есть над чем работать!",0,0,0,0,0,0,0,0
"Не нравится, что сделали сумму минимального заказа от [NUM]р! А если мне салат один надо? Сделайте лучше тогда доставку [NUM]р",0,0,0,0,0,0,0,0
…,0,0,0,0,0,0,0,0
Очень долгая доставка,0,0,1,0,0,0,0,0
Очень долгая доставка,0,0,1,0,0,0,0,0
"Хорошая доставка, большой конкурент всем, но товаров по низким ценам я бы прибавил, население беднеет",0,0,0,1,0,0,0,0
"В последнее время,очень долгая доставка !(",0,0,1,0,0,0,0,0
"Поддержка не работает клиентоориентированно, отвечают речевыми модулями, нет полномочий решить конкретную проблему",0,0,0,0,0,1,0,0
"Раньше можно было просто сметану заказать, сейчас такого нет и не прикольно. Возят уже не на велосипедах, а на машинах и долго",0,0,1,0,0,0,0,0
Долго ждём доставку,0,0,1,0,0,0,0,0
Нормик,0,0,0,0,0,0,0,0
"Все плохо , после того как прошла оплата через [NUM] минут , написали что заказ отменен и вернули деньги",0,0,0,0,0,0,0,1
Пишете до [NUM] минут. всегда привозите минут через [NUM] час. Пишете тогда в течении часа.,0,0,1,0,0,0,0,0
Хорошая доставка,0,0,0,0,0,0,0,0
"Прикольно, но не везде доставляет, во многие места перестали доставлять",0,0,0,0,0,0,0,0
"Зачем писать про [NUM] минут и ни разу не уложиться, каждый раз извиняться?",0,0,1,0,0,0,0,0
"Низкая оптимизация приложения, отсутствие компенсаций за долгую доставку (вплоть до ""мы закрыли вашу заявку так как у нас много обращений"" клиентоориентированность на уровне, бедные курьеры возят гигантские сумки забитые под завязку за жалкие деньги",0,0,1,0,0,0,0,0
"Доставка по пол часа, курьеры завершают заказы до момента его вручения вообще. Товары резко заканчиваются, уже в момент сборки заказа, не предлагают замену.",0,0,1,0,0,0,0,0
Ассортимент желательно расширить,1,0,0,0,0,0,0,0
Дорого,0,0,0,1,0,0,0,0
"Супер, когда нужно срочно, удобно, когда непогода, но срок доставки.. постоянно задержки.. тогда пишите сразу увеличение времени доставки.",0,0,1,0,0,0,0,0
"Доставка стала невыносимо долгой , основное время сейчас составляет от [NUM] минут , очень часто доставляют плохие товары",0,0,1,0,1,0,0,0
Долго долго ждать,0,0,1,0,0,0,0,0
Медленные курьеры дорогие товары,0,0,1,1,0,0,0,0
"не устраивает срок годности продуктов, немного мятые продукты при доставке.",0,0,0,0,1,0,0,0
Заявленная доставка в [NUM] минут не работает(( в среднем [NUM]-[NUM] минут доставка,0,0,1,0,0,0,0,0
"Все нравится, только привозите товар в основном в нормальным сроком годности",0,0,0,0,0,0,0,0
"Не успела взять трубку ,курьер уехал из под носа, остановить не удалось",0,0,0,0,0,0,0,0
"Привозят старое, поддержка отстой, доставка долгая",0,0,1,0,1,1,0,0
Очень хорошо,0,0,0,0,0,0,0,0
"Поддержка отвратительная , все шаблонами , скриптами и тд. Доставка пишет [NUM] минут а по факту по [NUM],[NUM] часа",0,0,1,0,0,1,0,0
"Не нравится, что постоянно меняется минимальная сумма заказа",0,0,0,0,0,0,0,0
В целом зачётно но сложно набрать на [NUM]р,0,0,0,0,0,0,0,0
"Изначально все было супер.После увеличилось время доставки,зачастую курьер задерживается(хотя пишет,что вот вот будет у вас).Так же на мой взгляд совершенно интуитивно непонятный интерфейс,но это вкусовщина.Ползунок оставить у двери должен фиксироваться.",0,0,1,0,0,0,0,0
Ужасное отношения к доставке заказ  могу просто молча отменить не оповестив заказчика ссылаясь что курьер якобы не мог дозвониться.,0,0,1,0,0,0,0,0
"Постоянно привозите молоко со сроком годности, которое скоро окончится. Жалобы не помогают, бесит только этот момент",0,0,0,0,1,0,0,0
"Привезли неспелый авокадо. Заказала, чтобы сразу сделать салат,  придется ждать видимо пару дней",0,0,0,0,1,0,0,0
"Хороший выбор, очень нравится коллаборация с кухней на районе. Но зачастую расстраивает срок доставки. Изначально показывает [NUM] минут, но курьер уложился в срок лишь раз. А так, может вести и час, и полтора.",0,0,1,0,0,0,0,0
"постоянно опаздывают курьеры, проследите за этим пожалуйста!!!",0,0,1,0,0,0,0,0
Иногда привозят товары с истёкшим сроком годности,0,0,0,0,1,0,0,0
"Уже не сабая быстрая доставка , поддержка отвратительная",0,0,1,0,0,1,0,0
"Если бы доставку улучшить,было бы все отлично.",0,0,1,0,0,0,0,0
Часто привозят просроченное или испорченные продукты,0,0,0,0,1,0,0,0
"Часто опаздывают курьеры, рассчитываю на один заказ - могут убрать что-то из заказа и даже не позвонить, не предложить замену",0,0,1,0,0,0,0,0
"Обычный советский сервис, хотелось бы чтобы в духе времени, за курьерами следить за опрятностью ассортиментом заняться",1,0,0,0,0,0,0,0
Вечные проблемы с курьерами!,0,0,0,0,0,0,0,0
"Очень медленно работаете , где кофе",0,0,0,0,0,0,0,0
Иногда на удаленные адреса срок доставки равен доставкам из сбермаркета ([NUM]-[NUM]минут),0,0,1,0,0,0,0,0
Очень долго всегда доставляете,0,0,1,0,0,0,0,0
Збс,0,0,0,0,0,0,0,0
Ничего,0,0,0,0,0,0,0,0
Жить можно,0,0,0,0,0,0,0,0
"Цены намного выше, чем в магазине. Служба поддержки долго отвечает и ничего не решает. Мало акций, где цена действительно хорошая, а не завышена в три раза, а потом типа скидка [NUM]% и выходит в итоге дороже, чем в ближайшем магните или пятерочке.",0,1,0,1,0,1,0,0
????,0,0,0,0,0,0,0,0
Очень испортилась доставка (ее время) уже который раз по срокам опаздания больше чем на пол часа,0,0,1,0,0,0,0,0
"В последнее время очень долгая доставка товаров, хотелось бы побыстрее, как заявлено в приложении",0,0,1,0,0,0,0,0
Безответственная работа курьеров и поддержки.  Больше заказывать у вас не будем.,0,0,1,0,0,1,0,0
"Мне нравится, но увеличилось время доставки ((",0,0,1,0,0,0,0,0
"Минимальная сумма заказа стала слишком большой. В вечернее время нет такой нагрузки на курьеров, чтобы ставить цену >[NUM] рублей",0,0,0,0,0,0,0,0
"Куриные сосиски просто отвратительные, своих денег не стоят даже по скидке. Подменили дешманскими, ужасный вкус, в помойку. Можете приехать и забрать их обратно, а деньги вернуть на баланс карты!",0,0,0,1,1,0,0,0
"Мне очень нравится заказать в самокате, но я уже три раза попадала на несвежие продукты, если раньше я всем советовала вас, то сейчас уже помалкиваю, потому что несвежие продукты проскальзывают.  Перепроверяйте сроки и внешний вид продуктов.",0,0,0,0,1,0,0,0
Сложный сайт,0,0,0,0,0,0,1,0
"Норм, после [NUM] нужна доставка",0,0,0,0,0,0,0,0
Цены высокие. Долго везут. Срок годности продуктов не проверяют,0,0,1,1,0,0,0,0
"оооочень долго доставляете заказы( ‘проверено спелое’ авокадо оказывается абсолютно не зрелым( качество готовой еды сильно ухудшилось( цены выросли в [NUM],[NUM] раза(",0,0,1,1,1,0,0,0
"Нет понимания точного времени доставки. Обычная ситуация - пишет ""Курьер вот-вот будет у вас"" и это означает, что его можно ждать [NUM]+ минут",0,0,1,0,0,0,0,0
"Цены задраны на некоторые позиции (рис увелка за [NUM]р, капец), курьер долго освобождается. В остальном все хорошо, спасибо",0,0,1,1,0,0,0,0
"Хорошая организация доставки продуктов домой, но мелочи портят о вас впечатление.",0,0,0,0,0,0,0,0
Стучат надо когда приехали по адресу а не отменять,0,0,0,0,0,0,0,0
"очень часто бывает почти умирающие продукты, в связи с чем фрукты и овощи никогда у вас не заказываю",0,0,0,0,1,0,0,0
"Хотелось бы иметь возможность оставлять отзывы к товарам, во избежание нерациональных покупок.",0,0,0,0,0,0,1,0
"Если бы курьеры не опаздывали, было бы лучше!",0,0,1,0,0,0,0,0
"Курьер в пути уже час, хотя обещали [NUM] минут",0,0,1,0,0,0,0,0
Я шей,0,0,0,0,0,0,0,0
Раньше было лучше,0,0,0,0,0,0,0,0
"Часто выбираю другую доставку, потому что быстрее. Самокат выбираю тогда, когда нет нужного товара или хочу заказать что-то производства самоката",0,0,1,0,0,0,0,0
"Сервис позиционируется как магазин у дома , доставка в течении [NUM] минут , сумма заказа была доступная, а сейчас в момент заказа меняется в течении [NUM] минуты. Сервис испортился",0,0,0,0,0,0,0,0
Часто тухляк,0,0,0,0,1,0,0,0
Тупые скачки суммы для доставки,0,0,0,0,0,0,0,1
"За минуту минимальная стоимость заказа варьируется с [NUM] до [NUM]р. Вы в своем уме??? Отменяете заказ, когда он уже оплачен, вдруг вспоминаете, что что-то из корзины отсутствует. Хромает ваша служба.",0,0,0,0,0,1,0,1
"Цены выше чем у конкурентов «Яндекс лавка», поэтому тут заказываем редко.",0,0,0,1,0,0,0,0
Очень удобные ) но собирают заказ очень долго,0,0,1,0,0,0,0,0
Мне очень нравится мороженое от самоката ??,0,0,0,0,0,0,0,0
"Добавьте отзывы на продукты,хотя бы в разрезе рейтинга от [NUM] до [NUM]",0,0,0,0,0,0,1,0
"Долгая доставка, проблемы с курьерами. Неудобная оплата",0,0,1,0,0,0,0,1
Очень долгая доставка теперь,0,0,1,0,0,0,0,0
Уже не то,0,0,0,0,0,0,0,0
"Нравится быстрая доставка, но цены очень «кусачие»",0,0,0,1,0,0,0,0
"ребята, я нежно вас люблю и часто заказываю. но умоляю, прекратите писать, что доставка полчаса, если это НЕ ТАК! лучше сразу пишите, что час, если курьеров мало, заказов много и понятно, что вы не справляетесь! хотя бы не так обидно будет(",0,0,1,0,0,0,0,0
Где козинак и настоящая кола??????,1,0,0,0,0,0,0,0
"В целом очень удобно, но очень часто установлена минимальная сумма заказа, что заставляет отказаться от услуг самоката",0,0,0,0,0,0,0,0
"Не берут трубку и сбрасывают, курьер не приезжает в назначенное воемя",0,0,1,0,0,1,0,0
Ужасно долгая доставка,0,0,1,0,0,0,0,0
Устали ждать часто очень долгое ожидание,0,0,1,0,0,0,0,0
"Отличный сервис доставки, единственное - очень долго везут Заказ и периодически бывают пропавшие продукты, особенно это касается ягод",0,0,1,0,1,0,0,0
"Лучше честно писать время доставки , когда оно увеличено. Ассортимент стоит пополнять , хлеб без глютена, побольше здорового питания",1,0,1,0,0,0,0,0
"Часто бывает, что продукты незрелые и готовые блюда не вкусные совсем",0,0,0,0,1,0,0,0
Доставка [NUM] минут слишком долго и сумма минимального заказа высокая,0,0,1,1,0,0,0,0
!!!!,0,0,0,0,0,0,0,0
Вот если у вас будет опция привозить готовую еду горячей цены вам не будет))),0,0,0,0,0,0,0,0
"Ассортимент маленький в сравнении с конкурентами, доставка часто задерживается вплоть до часа",1,0,1,0,0,0,0,0
Плохой сервис дорого,0,0,0,0,0,0,0,0
"В целом, все нравится! Самокат очень выручает. Спасибо!",0,0,0,0,0,0,0,0
"Отвратительная доставка, когда в твоём заказе курьеры роются или, как минимум, выворачивают пакет внутренностями наружу, чтобы проверить, тот ли они заказ везут. Во всех остальных доставка пакеты завязаны. А то и проштампованы. Качество продуктов все хуж.",0,0,1,0,1,0,0,0
"Удобная доставка, но иногда привозят продукты отвратительного качества (испорчены), некоторые карьеры плохо доставляют заказы",0,0,0,0,1,0,0,0
"Доставка стала задерживаться, [NUM] час очень долго",0,0,1,0,0,0,0,0
"Раньше было удобнее, что курьеры приезжали максимум за [NUM]-[NUM] минут, сейчас же приходиться ждать по [NUM] минут. Появился плюс в том, что можно видеть по другому продукты, которые заказал, но что всё ещё неудобно, не отображается на каком пути доставщик",0,0,1,0,0,0,0,0
Очень долго,0,0,1,0,0,0,0,0
Обещают доставить за [NUM] минут в итоге ждешь [NUM] минут,0,0,1,0,0,0,0,0
"Из-за цен часто склоняемся в сторону доставки от пятерочки или ленты, т к выбор больше и выходит дешевле",0,0,0,1,0,0,0,0
Время!очень долго собираете заказ,0,0,1,0,0,0,0,0
Долгая доставка и высокая цена доставки в час пик,0,0,1,1,0,0,0,0
Долго писать,0,0,0,0,0,0,0,0
"Долгая доставка, часто повышенный спрос",0,0,1,0,0,0,0,0
"Если у Вас большие количество заказов и время доставки увеличивается, то нужно уведомлять в приложении об этом!",0,0,1,0,0,0,0,0
"Хороший сервис был бы, если выполнял то, что написано. Доставка медленная, иногда приходится ждать по [NUM] минут, хотя указано, что в этот район всего за [NUM] осуществляется, проще заказывать в другом месте, где выбор больше. + Курьеры невежливые.",0,0,1,0,0,0,0,0
"Ужасно долгая доставка, все последние заказы были задержаны на [NUM]-[NUM] минут от установленного срока… Компенсации никакой не было, все время говорите «извините», цены тоже задраны",0,0,1,1,0,0,0,0
"Очень часто курьеры не приезжают даже за [NUM] минут, очень часто спрос высокий и заказ от N рублей.",0,0,1,0,0,0,0,0
"Отменяете заказ без ведома. Сидишь ждешь, а тебя уже проигнорировали. Классный сервис!??",0,0,1,0,0,1,0,0
"Быстро, но скудно по ассортименту",1,0,0,0,0,0,0,0
В последнее время очень медленная доставка,0,0,1,0,0,0,0,0
"Последнее время доставляют не [NUM]-[NUM] минут , а [NUM] и больше ???????",0,0,1,0,0,0,0,0
"Иногда [NUM] минут, иногда [NUM], иногда дырявые бутылки. Поддержки нет. Акции в очелло себе запихайте, всем похуй, делайте просто цены нормальные",0,0,1,0,1,0,0,0
"Если что то заканчивается то надо предупреждать,потому что порой весь заказ становится не актуален",0,0,0,0,0,0,0,0
вы хороши,0,0,0,0,0,0,0,0
Нужно стараться,0,0,0,0,0,0,0,0
Большой ассортимент. Очень плохое качество овощей и фруктов (часто привозят не тот сорт или неспелые и испорченные товары).,0,0,0,0,1,0,0,0
"Надеюсь что расширите ассортимент, зону покрытия и разнообразие ценников))",1,0,0,1,0,0,0,0
Очень неинтуитивный интерфейс приложения,0,0,0,0,0,0,1,0
"Час прошел, заказа нет",0,0,1,0,0,0,0,0
улучшение товаров ??,0,0,0,0,0,0,0,0
Последнее время очень долго собирают и доставляют заказы,0,0,1,0,0,0,0,0
"Поддержка дерьмо, присылают часто просрочку, продукты компании «самокат» - мусор, еще и стоят неадекватно, поиск - просто не удобный",0,0,0,0,1,1,0,0
"Если есть возможность, то высылали бы клиентам промокоды на скидку,было бы здорово и спрос на заказы бы увеличился. На счёт поддержки в Самокат: мне до сих пор не вернули деньги за повторный заказ, хотя я его отменила, прошёл уже год??",0,1,0,0,0,1,0,0
Пришёл просроченный продукт - колбаски тирольские. Поддержка отвратительная,0,0,0,0,1,1,0,0
Отмена заказа без причины и уведомления. Продукты особенно зелень всегда привозят испорченную,0,0,1,0,1,0,0,0
Сделайте пж заказ от [NUM] рублей а то не по людски получается,0,0,0,0,0,0,0,0
"Хотелось бы фото продукта не только в упаковке,но и без упаковки+состав. Также показательны оценки,отзывы на товар,чтобы понимать ,что выбрать. Не хватает продуктов детских без сахара,но в составе чтобы были фрукты как творог или биолакт.",1,0,0,0,0,0,0,0
Очень короткое ожидание курьера у подъезда в случае не рабочего состояния домофона .  Иногда нет возможности спуститься так как находишься с маленьким ребенком . Именно поэтому заказываешь курьера а не идешь в магазин сам . А в итоге остаешься без продукт,0,0,0,0,0,0,0,0
"Очень долгая доставка. Вместо [NUM] максимальных минут, через [NUM] только отдали курьеру.",0,0,1,0,0,0,0,0
Очень дорого,0,0,0,1,0,0,0,0
"Хотелось бы, чтобы предлагали замену, если товар закончился в процессе сборки.",0,0,0,0,0,0,0,0
"Все хорошо, только бывает привозят просрочку или гнилые продукты. Нужно тщательно проверять товары перед тем как их отправлять покупателю.",0,0,0,0,1,0,0,0
Долго доставляют,0,0,1,0,0,0,0,0
Всёотличнт,0,0,0,0,0,0,0,0
"За последние два месяца заметно ухудшилось качество товаров. Привозят грязные упаковки, гнилые овощи",0,0,0,0,1,0,0,0
"Думаю о вас всегда, когда уже поздно выходить из дома или срочно что-то необходимо. А еще думаю о вас, как о сервисе, который изменил мою жизнь и потребительское поведение: благодаря вам, стало гораздо проще в бытовых делах и идеях",0,0,0,0,0,0,0,0
Испортилось качество овощей и фруктов??,0,0,0,0,1,0,0,0
"Самый плохой сервис… Несколько раз забывали положить определенные товары, служба поддержки никакая. Курьеры хамят, доставка всегда задерживается",0,0,1,0,0,1,0,0
"Слмшком мало веганских позиций, нет выбора для обеда и завтрака",1,0,0,0,0,0,0,0
В целом неплохо но иногда попадаются просроченные продукты,0,0,0,0,1,0,0,0
Медленно,0,0,1,0,0,0,0,0
"Доставка стала очень долгой , обещаете быстро , тогда так и напишите , что у вас доставка [NUM] минут . Раньше было конечно лучше",0,0,1,0,0,0,0,0
"По большей части все круто .очень редко ,но бывает что курьеры все портят в плане сервиса .",0,0,0,0,0,0,0,0
"Очень долго везут, опоздал из за вас на работу.",0,0,1,0,0,0,0,0
"Вкусно, местами дороговато",0,0,0,1,0,0,0,0
"Очень долго доставляли заказ, просто потеряли его в системе и забили! И пока я сама не позвонила и не попыталась все наладить ничего не произошло мне даже не собирались его доставлять! Ужас как испортилось приложение, поддержка просто ноль",0,0,1,0,0,1,0,0
Доставка не [NUM] минут занимает! Зачем вы обманываете? Каждый раз по [NUM]-[NUM] минут!,0,0,1,0,0,0,0,0
"Маленький выбор, мало скидок и акций",1,1,0,0,0,0,0,0
Долго доставляете,0,0,1,0,0,0,0,0
Слишком долго,0,0,1,0,0,0,0,0
В последнее время очень долгая доставка.,0,0,1,0,0,0,0,0
Курьеры часто опаздывают,0,0,1,0,0,0,0,0
"Очень часто курьеры опаздывают. Иногда случается, что кладут порченый товар.",0,0,1,0,1,0,0,0
Я о вас не думаю. Я хочу кушать.,0,0,0,0,0,0,0,0
??,0,0,0,0,0,0,0,0
"Всё плохо, давай по-новой",0,0,0,0,0,0,0,0
"Очень долгая доставка, которая не соответствует указанному времени. Практически никогда за [NUM] минут не доставляют",0,0,1,0,0,0,0,0
"Обезают скидку за не качественный товар, в итоге скидка не срабатывает.",0,1,0,0,1,0,0,0
"Последнее время очень часто происходит такое: курьер будет у вас через [NUM] минуты - статус меняется на «вот-вот будет у вас». Потом сам курьер приходит через минут [NUM]-[NUM]. В чем смысл указывать [NUM] мин, если это не так? Необходимо указывать реальное время",0,0,1,0,0,0,0,0
Иногда продукты просрочены(,0,0,0,0,1,0,0,0
Ваша собственная продукция не вкусная,0,0,0,0,1,0,0,0
[NUM]/[NUM] [NUM].улучшить работу курьеров [NUM]. Улучшить работу поддержки,0,0,1,0,0,1,0,0
"Очень расстраивает, что сервис стал постоянно опаздывать! Последние пару месяцев не было ни одного заказа, который бы не опоздал...",0,0,1,0,0,0,0,0
Хлеб привезли не свежий,0,0,0,0,1,0,0,0
"Сервис испортился,доставка по [NUM],[NUM] часа(",0,0,1,0,0,0,0,0
"Последнее время постоянные проблемы с доставкой заказов, долго везут, либо абсолютно не то что заказывала",0,0,1,0,0,0,0,0
Доставка заказов постоянно опаздывает,0,0,1,0,0,0,0,0